This file contains any messages produced by compilers while
running configure, to aid debugging if configure makes a mistake.

It was created by curl configure -, which was
generated by GNU Autoconf 2.71.  Invocation command line was

  $ ./configure --with-openssl

## --------- ##
## Platform. ##
## --------- ##

hostname = Josh-Laptop
uname -m = x86_64
uname -r = 6.6.114.1-microsoft-standard-WSL2
uname -s = Linux
uname -v = #1 SMP PREEMPT_DYNAMIC Mon Dec  1 20:46:23 UTC 2025

/usr/bin/uname -p = unknown
/bin/uname -X     = unknown

/bin/arch              = x86_64
/usr/bin/arch -k       = unknown
/usr/convex/getsysinfo = unknown
/usr/bin/hostinfo      = unknown
/bin/machine           = unknown
/usr/bin/oslevel       = unknown
/bin/universe          = unknown

PATH: /home/josha/.local/bin/
PATH: /home/josha/.cargo/bin/
PATH: /usr/local/sbin/
PATH: /usr/local/bin/
PATH: /usr/sbin/
PATH: /usr/bin/
PATH: /sbin/
PATH: /bin/
PATH: /usr/games/
PATH: /usr/local/games/
PATH: /usr/lib/wsl/lib/
PATH: /mnt/c/WINDOWS/system32/
PATH: /mnt/c/Program Files/dotnet/
PATH: /mnt/c/WINDOWS/
PATH: /mnt/c/WINDOWS/System32/WindowsPowerShell/v1.0/
PATH: /mnt/c/Users/josha/Coding/Tools/GCC/mingw64/bin/
PATH: /mnt/c/Users/josha/Coding/Tools/LuaJIT/luajit/src/
PATH: /mnt/c/Program Files/Common Files/Oracle/Java/javapath/
PATH: /mnt/c/WINDOWS/System32/Wbem/
PATH: /mnt/c/WINDOWS/System32/OpenSSH/
PATH: /mnt/c/Program Files/Git/cmd/
PATH: /mnt/c/Program Files/nodejs/
PATH: /mnt/c/Users/josha/Downloads/meteorRename/
PATH: /mnt/c/Program Files/Git/usr/bin/
PATH: /mnt/c/Program Files/PowerShell/7/
PATH: /mnt/c/Program Files/dotnet/
PATH: /mnt/c/Program Files/Emacs/
PATH: /mnt/c/D/dmd2/windows/bin64/
PATH: /mnt/c/D/dmd2/windows/bin/
PATH: /mnt/c/Program Files/GitHub CLI/
PATH: /mnt/c/Program Files/PowerShell/7/
PATH: /mnt/c/Users/josha/.cargo/bin/
PATH: /mnt/c/Users/josha/AppData/Local/Microsoft/WindowsApps/
PATH: /mnt/c/Users/josha/AppData/Local/Packages/PythonSoftwareFoundation.Python.3.13_qbz5n2kfra8p0/LocalCache/local-packages/Python313/Scripts/
PATH: /mnt/c/Users/josha/Coding/Tools/Neovim/nvim-win64/bin/
PATH: /mnt/c/Users/josha/AppData/Roaming/npm/
PATH: /mnt/c/Program Files/JetBrains/PyCharm 2025.2.4/bin/
PATH: /mnt/c/Users/josha/AppData/Local/JetBrains/Toolbox/scripts/
PATH: /mnt/c/Users/josha/Downloads/platform-tools/
PATH: /mnt/c/Users/josha/Coding/C/gnutime/
PATH: /mnt/c/Users/josha/Coding/fastfetch/
PATH: /mnt/c/Users/josha/Coding/batcat/
PATH: /mnt/c/Users/josha/Coding/fasm/
PATH: /mnt/c/Users/josha/Coding/Porth/porth/
PATH: /mnt/c/Users/josha/Coding/Batch/makegen/
PATH: /mnt/c/Users/josha/Coding/Porth/porth/std/
PATH: /mnt/c/Users/josha/Coding/Tools/cloc/
PATH: /mnt/c/Users/josha/AppData/Local/PowerToys/DSCModules/
PATH: /mnt/c/Program Files/LLVM/bin/
PATH: /mnt/c/Users/josha/AppData/Local/Microsoft/WinGet/Packages/Gyan.FFmpeg_Microsoft.Winget.Source_8wekyb3d8bbwe/ffmpeg-8.1.1-full_build/bin/
PATH: /mnt/c/Users/josha/AppData/Local/Microsoft/WinGet/Packages/zig.zig_Microsoft.Winget.Source_8wekyb3d8bbwe/zig-x86_64-windows-0.16.0/
PATH: /mnt/c/Users/josha/AppData/Local/Microsoft/WinGet/Packages/Microsoft.Pave_Microsoft.Winget.Source_8wekyb3d8bbwe/
PATH: /mnt/c/Users/josha/AppData/Local/Microsoft/WinGet/Packages/Microsoft.Edit_Microsoft.Winget.Source_8wekyb3d8bbwe/edit-2.0.0-x86_64-windows/
PATH: /mnt/c/Program Files/Git/mingw64/bin/
PATH: /snap/bin/
PATH: /home/josha/.dotnet/tools/


## ----------- ##
## Core tests. ##
## ----------- ##

configure:3360: looking for aux files: ltmain.sh config.guess config.sub missing compile install-sh
configure:3373:  trying ./
configure:3402:   ./ltmain.sh found
configure:3402:   ./config.guess found
configure:3402:   ./config.sub found
configure:3402:   ./missing found
configure:3402:   ./compile found
configure:3384:   ./install-sh found
configure:3528: checking whether to enable maintainer-specific portions of Makefiles
configure:3538: result: no
configure:3563: checking whether make supports nested variables
configure:3581: result: yes
configure:3596: checking whether to enable debug build options
configure:3616: result: no
configure:3630: checking whether to enable compiler optimizer
configure:3652: result: (assumed) yes
configure:3667: checking whether to enable strict compiler warnings
configure:3687: result: no
configure:3692: checking whether to enable compiler warnings as errors
configure:3712: result: no
configure:3717: checking whether to enable hiding of library internal symbols
configure:3734: result: yes
configure:3746: checking whether to enable c-ares for DNS lookups
configure:3769: result: no
configure:3774: checking whether to disable dependency on -lrt
configure:3791: result: (assumed no)
configure:3802: checking whether to enable HTTPSRR support
configure:3821: result: no
configure:3833: checking whether to enable ECH support
configure:3852: result: no
configure:3864: checking whether to enable SSL session export support
configure:3883: result: no
configure:3933: checking for path separator
configure:3935: result: :
configure:3955: checking for sed
configure:3979: found /usr/bin/sed
configure:3992: result: /usr/bin/sed
configure:4009: checking for grep
configure:4033: found /usr/bin/grep
configure:4046: result: /usr/bin/grep
configure:4061: checking that grep -E works
configure:4065: result: yes
configure:4177: checking for ar
configure:4201: found /usr/bin/ar
configure:4213: result: /usr/bin/ar
configure:4440: checking for a BSD-compatible install
configure:4513: result: /usr/bin/install -c
configure:4590: checking for gcc
configure:4611: found /usr/bin/gcc
configure:4622: result: gcc
configure:4975: checking for C compiler version
configure:4984: gcc --version >&5
gcc (Debian 15.2.0-14) 15.2.0
Copyright (C) 2025 Free Software Foundation, Inc.
This is free software; see the source for copying conditions.  There is NO
warranty; not even for MERCHANTABILITY or FITNESS FOR A PARTICULAR PURPOSE.

configure:4995: $? = 0
configure:4984: gcc -v >&5
Using built-in specs.
COLLECT_GCC=gcc
COLLECT_LTO_WRAPPER=/usr/libexec/gcc/x86_64-linux-gnu/15/lto-wrapper
OFFLOAD_TARGET_NAMES=nvptx-none:amdgcn-amdhsa
OFFLOAD_TARGET_DEFAULT=1
Target: x86_64-linux-gnu
Configured with: ../src/configure -v --with-pkgversion='Debian 15.2.0-14' --with-bugurl=file:///usr/share/doc/gcc-15/README.Bugs --enable-languages=c,ada,c++,go,d,fortran,objc,obj-c++,m2,rust,cobol,algol68 --prefix=/usr --with-gcc-major-version-only --program-suffix=-15 --program-prefix=x86_64-linux-gnu- --enable-shared --enable-linker-build-id --libexecdir=/usr/libexec --without-included-gettext --enable-threads=posix --libdir=/usr/lib --enable-nls --enable-bootstrap --enable-clocale=gnu --enable-libstdcxx-debug --enable-libstdcxx-time=yes --with-default-libstdcxx-abi=new --enable-libstdcxx-backtrace --enable-gnu-unique-object --disable-vtable-verify --enable-plugin --enable-default-pie --with-system-zlib --enable-libphobos-checking=release --with-target-system-zlib=auto --enable-objc-gc=auto --enable-multiarch --disable-werror --enable-cet --with-arch-32=i686 --with-abi=m64 --with-multilib-list=m32,m64,mx32 --enable-multilib --with-tune=generic --enable-offload-targets=nvptx-none=/build/reproducible-path/gcc-15-15.2.0/debian/tmp-nvptx/usr,amdgcn-amdhsa=/build/reproducible-path/gcc-15-15.2.0/debian/tmp-gcn/usr --enable-offload-defaulted --without-cuda-driver --enable-checking=release --build=x86_64-linux-gnu --host=x86_64-linux-gnu --target=x86_64-linux-gnu --with-build-config=bootstrap-lto-lean --enable-link-serialization=3
Thread model: posix
Supported LTO compression algorithms: zlib zstd
gcc version 15.2.0 (Debian 15.2.0-14) 
... rest of stderr output deleted ...
configure:4995: $? = 0
configure:4984: gcc -V >&5
gcc: error: unrecognized command-line option '-V'
gcc: fatal error: no input files
compilation terminated.
configure:4995: $? = 1
configure:4984: gcc -qversion >&5
gcc: error: unrecognized command-line option '-qversion'; did you mean '--version'?
gcc: fatal error: no input files
compilation terminated.
configure:4995: $? = 1
configure:4984: gcc -version >&5
gcc: error: unrecognized command-line option '-version'
gcc: fatal error: no input files
compilation terminated.
configure:4995: $? = 1
configure:5013: checking whether the C compiler works
configure:5035: gcc    conftest.c  >&5
configure:5039: $? = 0
configure:5089: result: yes
configure:5092: checking for C compiler default output file name
configure:5094: result: a.out
configure:5100: checking for suffix of executables
configure:5107: gcc -o conftest    conftest.c  >&5
configure:5111: $? = 0
configure:5134: result: 
configure:5154: checking whether we are cross compiling
configure:5162: gcc -o conftest    conftest.c  >&5
configure:5166: $? = 0
configure:5173: ./conftest
configure:5177: $? = 0
configure:5192: result: no
configure:5197: checking for suffix of object files
configure:5218: gcc -c   conftest.c >&5
configure:5222: $? = 0
configure:5244: result: o
configure:5248: checking whether the compiler supports GNU C
configure:5266: gcc -c   conftest.c >&5
configure:5266: $? = 0
configure:5276: result: yes
configure:5287: checking whether gcc accepts -g
configure:5306: gcc -c -g  conftest.c >&5
configure:5306: $? = 0
configure:5346: result: yes
configure:5366: checking for gcc option to enable C11 features
configure:5381: gcc  -c -g -O2  conftest.c >&5
conftest.c: In function 'e':
conftest.c:23:14: warning: old-style function definition [-Wold-style-definition]
   23 | static char *e (p, i)
      |              ^
configure:5381: $? = 0
configure:5399: result: none needed
configure:5515: checking whether gcc understands -c and -o together
configure:5536: gcc -c conftest.c -o conftest2.o
configure:5539: $? = 0
configure:5536: gcc -c conftest.c -o conftest2.o
configure:5539: $? = 0
configure:5551: result: yes
configure:5574: checking how to run the C preprocessor
configure:5600: gcc -E  conftest.c
configure:5600: $? = 0
configure:5615: gcc -E  conftest.c
conftest.c:9:10: fatal error: ac_nonexistent.h: No such file or directory
    9 | #include <ac_nonexistent.h>
      |          ^~~~~~~~~~~~~~~~~~
compilation terminated.
configure:5615: $? = 1
configure: failed program was:
| /* confdefs.h */
| #define PACKAGE_NAME "curl"
| #define PACKAGE_TARNAME "curl"
| #define PACKAGE_VERSION "-"
| #define PACKAGE_STRING "curl -"
| #define PACKAGE_BUGREPORT "a suitable curl mailing list: https://curl.se/mail/"
| #define PACKAGE_URL ""
| /* end confdefs.h.  */
| #include <ac_nonexistent.h>
configure:5642: result: gcc -E
configure:5656: gcc -E  conftest.c
configure:5656: $? = 0
configure:5671: gcc -E  conftest.c
conftest.c:9:10: fatal error: ac_nonexistent.h: No such file or directory
    9 | #include <ac_nonexistent.h>
      |          ^~~~~~~~~~~~~~~~~~
compilation terminated.
configure:5671: $? = 1
configure: failed program was:
| /* confdefs.h */
| #define PACKAGE_NAME "curl"
| #define PACKAGE_TARNAME "curl"
| #define PACKAGE_VERSION "-"
| #define PACKAGE_STRING "curl -"
| #define PACKAGE_BUGREPORT "a suitable curl mailing list: https://curl.se/mail/"
| #define PACKAGE_URL ""
| /* end confdefs.h.  */
| #include <ac_nonexistent.h>
configure:5740: checking for stdio.h
configure:5740: gcc -c   conftest.c >&5
configure:5740: $? = 0
configure:5740: result: yes
configure:5740: checking for stdlib.h
configure:5740: gcc -c   conftest.c >&5
configure:5740: $? = 0
configure:5740: result: yes
configure:5740: checking for string.h
configure:5740: gcc -c   conftest.c >&5
configure:5740: $? = 0
configure:5740: result: yes
configure:5740: checking for inttypes.h
configure:5740: gcc -c   conftest.c >&5
configure:5740: $? = 0
configure:5740: result: yes
configure:5740: checking for stdint.h
configure:5740: gcc -c   conftest.c >&5
configure:5740: $? = 0
configure:5740: result: yes
configure:5740: checking for strings.h
configure:5740: gcc -c   conftest.c >&5
configure:5740: $? = 0
configure:5740: result: yes
configure:5740: checking for sys/stat.h
configure:5740: gcc -c   conftest.c >&5
configure:5740: $? = 0
configure:5740: result: yes
configure:5740: checking for sys/types.h
configure:5740: gcc -c   conftest.c >&5
configure:5740: $? = 0
configure:5740: result: yes
configure:5740: checking for unistd.h
configure:5740: gcc -c   conftest.c >&5
configure:5740: $? = 0
configure:5740: result: yes
configure:5768: checking for stdatomic.h
configure:5768: gcc -c   conftest.c >&5
configure:5768: $? = 0
configure:5768: result: yes
configure:5773: checking if _Atomic is available
configure:5792: gcc -o conftest    conftest.c  >&5
configure:5792: $? = 0
configure:5795: result: yes
configure:5819: checking whether build environment is sane
configure:5874: result: yes
configure:6029: checking for a race-free mkdir -p
configure:6073: result: /usr/bin/mkdir -p
configure:6080: checking for gawk
configure:6101: found /usr/bin/gawk
configure:6112: result: gawk
configure:6123: checking whether make sets $(MAKE)
configure:6146: result: yes
configure:6168: checking whether make supports the include directive
configure:6183: make -f confmf.GNU && cat confinc.out
this is the am__doit target
configure:6186: $? = 0
configure:6205: result: yes (GNU style)
configure:6305: checking dependency style of gcc
configure:6417: result: gcc3
configure:6497: checking curl version
configure:6499: result: 8.20.0
configure:6680: checking for perl
configure:6704: found /usr/bin/perl
configure:6716: result: /usr/bin/perl
configure:6803: checking for apxs
configure:6841: result: no
configure:6847: apache2-dev not installed, httpd tests disabled
configure:7039: checking for danted
configure:7077: result: no
configure:7085: checking for danted
configure:7123: result: no
configure:7375: checking for nghttpx
configure:7414: result: no
configure:7427: checking for caddy
configure:7465: result: no
configure:7505: checking build system type
configure:7520: result: x86_64-pc-linux-gnu
configure:7540: checking host system type
configure:7554: result: x86_64-pc-linux-gnu
configure:7582: checking for grep that handles long lines and -e
configure:7646: result: /usr/bin/grep
configure:7651: checking for egrep
configure:7719: result: /usr/bin/grep -E
configure:7728: checking if OS is AIX (to define _ALL_SOURCE)
configure:7749: result: no
configure:7760: checking if _THREAD_SAFE is already defined
configure:7781: gcc -c   conftest.c >&5
conftest.c: In function 'main':
conftest.c:34:10: error: #error force compilation error
   34 |         #error force compilation error
      |          ^~~~~
configure:7781: $? = 1
configure: failed program was:
| /* confdefs.h */
| #define PACKAGE_NAME "curl"
| #define PACKAGE_TARNAME "curl"
| #define PACKAGE_VERSION "-"
| #define PACKAGE_STRING "curl -"
| #define PACKAGE_BUGREPORT "a suitable curl mailing list: https://curl.se/mail/"
| #define PACKAGE_URL ""
| #define HAVE_STDIO_H 1
| #define HAVE_STDLIB_H 1
| #define HAVE_STRING_H 1
| #define HAVE_INTTYPES_H 1
| #define HAVE_STDINT_H 1
| #define HAVE_STRINGS_H 1
| #define HAVE_SYS_STAT_H 1
| #define HAVE_SYS_TYPES_H 1
| #define HAVE_UNISTD_H 1
| #define STDC_HEADERS 1
| #define HAVE_STDATOMIC_H 1
| #define HAVE_ATOMIC 1
| #define PACKAGE "curl"
| #define VERSION "-"
| #define CURL_OS "x86_64-pc-linux-gnu"
| /* end confdefs.h.  */
| 
| 
| 
| int main(void)
| {
| 
|       #ifdef _THREAD_SAFE
|         int dummy = 1;
|         (void)dummy;
|       #else
|         #error force compilation error
|       #endif
| 
|   return 0;
| }
| 
configure:7790: result: no
configure:7798: checking if _THREAD_SAFE is actually needed
configure:7817: result: no
configure:7822: checking if _THREAD_SAFE is onwards defined
configure:7839: result: no
configure:7846: checking if _REENTRANT is already defined
configure:7867: gcc -c   conftest.c >&5
conftest.c: In function 'main':
conftest.c:34:10: error: #error force compilation error
   34 |         #error force compilation error
      |          ^~~~~
configure:7867: $? = 1
configure: failed program was:
| /* confdefs.h */
| #define PACKAGE_NAME "curl"
| #define PACKAGE_TARNAME "curl"
| #define PACKAGE_VERSION "-"
| #define PACKAGE_STRING "curl -"
| #define PACKAGE_BUGREPORT "a suitable curl mailing list: https://curl.se/mail/"
| #define PACKAGE_URL ""
| #define HAVE_STDIO_H 1
| #define HAVE_STDLIB_H 1
| #define HAVE_STRING_H 1
| #define HAVE_INTTYPES_H 1
| #define HAVE_STDINT_H 1
| #define HAVE_STRINGS_H 1
| #define HAVE_SYS_STAT_H 1
| #define HAVE_SYS_TYPES_H 1
| #define HAVE_UNISTD_H 1
| #define STDC_HEADERS 1
| #define HAVE_STDATOMIC_H 1
| #define HAVE_ATOMIC 1
| #define PACKAGE "curl"
| #define VERSION "-"
| #define CURL_OS "x86_64-pc-linux-gnu"
| /* end confdefs.h.  */
| 
| 
| 
| int main(void)
| {
| 
|       #ifdef _REENTRANT
|         int dummy = 1;
|         (void)dummy;
|       #else
|         #error force compilation error
|       #endif
| 
|   return 0;
| }
| 
configure:7876: result: no
configure:7884: checking if _REENTRANT is actually needed
configure:7914: gcc -c   conftest.c >&5
configure:7914: $? = 0
configure:7946: gcc -c   conftest.c >&5
configure:7946: $? = 0
configure:8018: gcc -o conftest    conftest.c  >&5
configure:8018: $? = 0
configure:8099: gcc -o conftest    conftest.c  >&5
configure:8099: $? = 0
configure:8180: gcc -o conftest    conftest.c  >&5
configure:8180: $? = 0
configure:8261: gcc -o conftest    conftest.c  >&5
configure:8261: $? = 0
configure:8342: gcc -o conftest    conftest.c  >&5
configure:8342: $? = 0
configure:8401: result: no
configure:8406: checking if _REENTRANT is onwards defined
configure:8423: result: no
configure:8436: checking for special C compiler options needed for large files
configure:8482: result: no
configure:8488: checking for _FILE_OFFSET_BITS value needed for large files
configure:8512: gcc -c   conftest.c >&5
configure:8512: $? = 0
configure:8544: result: no
configure:8670: checking how to print strings
configure:8697: result: printf
configure:8718: checking for a sed that does not truncate output
configure:8788: result: /usr/bin/sed
configure:8806: checking for fgrep
configure:8874: result: /usr/bin/grep -F
configure:8910: checking for ld used by gcc
configure:8978: result: /usr/bin/x86_64-linux-gnu-ld
configure:8985: checking if the linker (/usr/bin/x86_64-linux-gnu-ld) is GNU ld
configure:9001: result: yes
configure:9013: checking for BSD- or MS-compatible name lister (nm)
configure:9068: result: /usr/bin/nm -B
configure:9208: checking the name lister (/usr/bin/nm -B) interface
configure:9216: gcc -c   conftest.c >&5
configure:9219: /usr/bin/nm -B "conftest.o"
configure:9222: output
0000000000000000 B some_variable
configure:9229: result: BSD nm
configure:9232: checking whether ln -s works
configure:9236: result: yes
configure:9244: checking the maximum length of command line arguments
configure:9376: result: 1572864
configure:9424: checking how to convert x86_64-pc-linux-gnu file names to x86_64-pc-linux-gnu format
configure:9465: result: func_convert_file_noop
configure:9472: checking how to convert x86_64-pc-linux-gnu file names to toolchain format
configure:9493: result: func_convert_file_noop
configure:9500: checking for /usr/bin/x86_64-linux-gnu-ld option to reload object files
configure:9508: result: -r
configure:9587: checking for file
configure:9608: found /usr/bin/file
configure:9619: result: file
configure:9695: checking for objdump
configure:9716: found /usr/bin/objdump
configure:9727: result: objdump
configure:9756: checking how to recognize dependent libraries
configure:9957: result: pass_all
configure:10047: checking for dlltool
configure:10082: result: no
configure:10109: checking how to associate runtime and link libraries
configure:10137: result: printf %s\n
configure:10287: checking for archiver @FILE support
configure:10303: gcc -c   conftest.c >&5
configure:10303: $? = 0
configure:10307: /usr/bin/ar cr libconftest.a @conftest.lst >&5
configure:10310: $? = 0
configure:10315: /usr/bin/ar cr libconftest.a @conftest.lst >&5
/usr/bin/ar: conftest.o: No such file or directory
configure:10318: $? = 1
configure:10330: result: @
configure:10393: checking for strip
configure:10414: found /usr/bin/strip
configure:10425: result: strip
configure:10502: checking for ranlib
configure:10523: found /usr/bin/ranlib
configure:10534: result: ranlib
configure:10636: checking command to parse /usr/bin/nm -B output from gcc object
configure:10790: gcc -c   conftest.c >&5
configure:10793: $? = 0
configure:10797: /usr/bin/nm -B conftest.o | /usr/bin/sed -n -e 's/^.*[	 ]\([ABCDGIRSTW][ABCDGIRSTW]*\)[	 ][	 ]*\([_A-Za-z][_A-Za-z0-9]*\)$/\1 \2 \2/p' | /usr/bin/sed '/ __gnu_lto/d' > conftest.nm
configure:10863: gcc -o conftest    conftest.c conftstm.o >&5
configure:10866: $? = 0
configure:10904: result: ok
configure:10951: checking for sysroot
configure:10982: result: no
configure:10989: checking for a working dd
configure:11033: result: /usr/bin/dd
configure:11037: checking how to truncate binary pipes
configure:11053: result: /usr/bin/dd bs=4096 count=1
configure:11190: gcc -c   conftest.c >&5
configure:11193: $? = 0
configure:11388: checking for mt
configure:11409: found /usr/bin/mt
configure:11420: result: mt
configure:11443: checking if mt is a manifest tool
configure:11450: mt '-?'
configure:11458: result: no
configure:12177: checking for dlfcn.h
configure:12177: gcc -c   conftest.c >&5
configure:12177: $? = 0
configure:12177: result: yes
configure:12848: checking for objdir
configure:12864: result: .libs
configure:13128: checking if gcc supports -fno-rtti -fno-exceptions
configure:13147: gcc -c   -fno-rtti -fno-exceptions conftest.c >&5
cc1: warning: command-line option '-fno-rtti' is valid for C++/D/ObjC++ but not for C
configure:13151: $? = 0
configure:13164: result: no
configure:13528: checking for gcc option to produce PIC
configure:13536: result: -fPIC -DPIC
configure:13544: checking if gcc PIC flag -fPIC -DPIC works
configure:13563: gcc -c   -fPIC -DPIC -DPIC conftest.c >&5
configure:13567: $? = 0
configure:13580: result: yes
configure:13609: checking if gcc static flag -static works
configure:13638: result: yes
configure:13653: checking if gcc supports -c -o file.o
configure:13675: gcc -c   -o out/conftest2.o conftest.c >&5
configure:13679: $? = 0
configure:13701: result: yes
configure:13709: checking if gcc supports -c -o file.o
configure:13757: result: yes
configure:13790: checking whether the gcc linker (/usr/bin/x86_64-linux-gnu-ld -m elf_x86_64) supports shared libraries
configure:15060: result: yes
configure:15097: checking whether -lc should be explicitly linked in
configure:15106: gcc -c   conftest.c >&5
configure:15109: $? = 0
configure:15124: gcc -shared  -fPIC -DPIC conftest.o  -v -Wl,-soname -Wl,conftest -o conftest 2\>\&1 \| /usr/bin/grep  -lc  \>/dev/null 2\>\&1
configure:15127: $? = 0
configure:15141: result: no
configure:15301: checking dynamic linker characteristics
configure:15881: gcc -o conftest    -Wl,-rpath -Wl,/foo conftest.c  >&5
configure:15881: $? = 0
configure:16132: result: GNU/Linux ld.so
configure:16254: checking how to hardcode library paths into programs
configure:16279: result: immediate
configure:16826: checking whether stripping libraries is possible
configure:16835: result: yes
configure:16877: checking if libtool supports shared libraries
configure:16879: result: yes
configure:16882: checking whether to build shared libraries
configure:16907: result: yes
configure:16910: checking whether to build static libraries
configure:16914: result: yes
configure:16989: checking whether to build shared libraries with -version-info
configure:17000: result: yes
configure:17010: checking whether to build shared libraries with -no-undefined
configure:17023: result: no
configure:17033: checking whether to build shared libraries with -mimpure-text
configure:17043: result: no
configure:17073: checking whether to build shared libraries with PIC
configure:17075: result: yes
configure:17077: checking whether to build static libraries with PIC
configure:17079: result: yes
configure:17089: checking whether to build shared libraries only
configure:17097: result: no
configure:17104: checking whether to build static libraries only
configure:17112: result: no
configure:17176: checking for windres
configure:17211: result: no
configure:17367: checking if cpp -P is needed
configure:17385: result: yes
configure:17389: checking if cpp -P works
configure:17409: result: yes
configure:17438: checking if compiler is DEC/Compaq/HP C
configure:17464: gcc -E  -P conftest.c
configure:17464: $? = 0
configure:17513: gcc -E  -P conftest.c
configure:17513: $? = 0
configure:17548: result: no
configure:17553: checking if compiler is HP-UX C
configure:17579: gcc -E  -P conftest.c
configure:17579: $? = 0
configure:17613: result: no
configure:17618: checking if compiler is IBM C
configure:17644: gcc -E  -P conftest.c
configure:17644: $? = 0
configure:17686: result: no
configure:17692: checking if compiler is Intel C
configure:17718: gcc -E  -P conftest.c
configure:17718: $? = 0
configure:17815: result: no
configure:17821: checking if compiler is clang
configure:17847: gcc -E  -P conftest.c
configure:17847: $? = 0
configure:17986: result: no
configure:17993: checking if compiler is GNU C
configure:18019: gcc -E  -P conftest.c
configure:18019: $? = 0
configure:18046: result: yes
configure:18049: checking compiler version
configure:18060: result: gcc '1500' (raw: '15')
configure:18359: checking if compiler is SunPro C
configure:18385: gcc -E  -P conftest.c
configure:18385: $? = 0
configure:18419: result: no
configure:18424: checking if compiler is Tiny C
configure:18450: gcc -E  -P conftest.c
configure:18450: $? = 0
configure:18484: result: no
configure:18508: checking for code coverage support
configure:18524: result: no
configure:18693: checking whether build target is a native Windows one
configure:18719: gcc -c   conftest.c >&5
conftest.c: In function 'main':
conftest.c:36:12: error: #error Not a native Windows build target.
   36 |           #error Not a native Windows build target.
      |            ^~~~~
configure:18719: $? = 1
configure: failed program was:
| /* confdefs.h */
| #define PACKAGE_NAME "curl"
| #define PACKAGE_TARNAME "curl"
| #define PACKAGE_VERSION "-"
| #define PACKAGE_STRING "curl -"
| #define PACKAGE_BUGREPORT "a suitable curl mailing list: https://curl.se/mail/"
| #define PACKAGE_URL ""
| #define HAVE_STDIO_H 1
| #define HAVE_STDLIB_H 1
| #define HAVE_STRING_H 1
| #define HAVE_INTTYPES_H 1
| #define HAVE_STDINT_H 1
| #define HAVE_STRINGS_H 1
| #define HAVE_SYS_STAT_H 1
| #define HAVE_SYS_TYPES_H 1
| #define HAVE_UNISTD_H 1
| #define STDC_HEADERS 1
| #define HAVE_STDATOMIC_H 1
| #define HAVE_ATOMIC 1
| #define PACKAGE "curl"
| #define VERSION "-"
| #define CURL_OS "x86_64-pc-linux-gnu"
| #define HAVE_DLFCN_H 1
| #define LT_OBJDIR ".libs/"
| /* end confdefs.h.  */
| 
| 
| 
| int main(void)
| {
| 
|         #ifdef _WIN32
|           int dummy = 1;
|           (void)dummy;
|         #else
|           #error Not a native Windows build target.
|         #endif
| 
|   return 0;
| }
| 
configure:18732: result: no
configure:18885: checking if compiler accepts some basic options
configure:18908: gcc -c -Werror-implicit-function-declaration  conftest.c >&5
configure:18908: $? = 0
configure:18938: gcc -o conftest -Werror-implicit-function-declaration   conftest.c  >&5
configure:18938: $? = 0
configure:19029: sh ./run-compiler -o conftest -Werror-implicit-function-declaration   conftest.c  >&5
configure:19029: $? = 0
configure:19029: ./conftest
configure:19029: $? = 0
configure:19052: result: yes
configure:19054: compiler options added: -Werror-implicit-function-declaration 
configure:19120: checking if compiler optimizer assumed setting might be used
configure:19158: result: yes
configure:19206: checking if compiler accepts optimizer enabling options
configure:19241: gcc -c -Werror-implicit-function-declaration -O2  conftest.c >&5
configure:19241: $? = 0
configure:19271: gcc -o conftest -Werror-implicit-function-declaration -O2   conftest.c  >&5
configure:19271: $? = 0
configure:19362: sh ./run-compiler -o conftest -Werror-implicit-function-declaration -O2   conftest.c  >&5
configure:19362: $? = 0
configure:19362: ./conftest
configure:19362: $? = 0
configure:19385: result: yes
configure:19387: compiler options added: -O2
configure:21926: checking if compiler accepts strict warning options
configure:21949: gcc -c -Werror-implicit-function-declaration -O2 -Wno-system-headers  conftest.c >&5
configure:21949: $? = 0
configure:21979: gcc -o conftest -Werror-implicit-function-declaration -O2 -Wno-system-headers   conftest.c  >&5
configure:21979: $? = 0
configure:22070: sh ./run-compiler -o conftest -Werror-implicit-function-declaration -O2 -Wno-system-headers   conftest.c  >&5
configure:22070: $? = 0
configure:22070: ./conftest
configure:22070: $? = 0
configure:22093: result: yes
configure:22095: compiler options added: -Wno-system-headers 
configure:22151: checking if compiler halts on compilation errors
configure:22167: gcc -c -Werror-implicit-function-declaration -O2 -Wno-system-headers  conftest.c >&5
conftest.c: In function 'main':
conftest.c:32:8: error: #error force compilation error
   32 |       #error force compilation error
      |        ^~~~~
configure:22167: $? = 1
configure: failed program was:
| /* confdefs.h */
| #define PACKAGE_NAME "curl"
| #define PACKAGE_TARNAME "curl"
| #define PACKAGE_VERSION "-"
| #define PACKAGE_STRING "curl -"
| #define PACKAGE_BUGREPORT "a suitable curl mailing list: https://curl.se/mail/"
| #define PACKAGE_URL ""
| #define HAVE_STDIO_H 1
| #define HAVE_STDLIB_H 1
| #define HAVE_STRING_H 1
| #define HAVE_INTTYPES_H 1
| #define HAVE_STDINT_H 1
| #define HAVE_STRINGS_H 1
| #define HAVE_SYS_STAT_H 1
| #define HAVE_SYS_TYPES_H 1
| #define HAVE_UNISTD_H 1
| #define STDC_HEADERS 1
| #define HAVE_STDATOMIC_H 1
| #define HAVE_ATOMIC 1
| #define PACKAGE "curl"
| #define VERSION "-"
| #define CURL_OS "x86_64-pc-linux-gnu"
| #define HAVE_DLFCN_H 1
| #define LT_OBJDIR ".libs/"
| /* end confdefs.h.  */
| 
| 
| 
| int main(void)
| {
| 
|       #error force compilation error
| 
|   return 0;
| }
| 
configure:22176: result: yes
configure:22184: checking if compiler halts on negative sized arrays
configure:22202: gcc -c -Werror-implicit-function-declaration -O2 -Wno-system-headers  conftest.c >&5
conftest.c:28:20: error: size of array 'bad_t' is negative
   28 |       typedef char bad_t[sizeof(char) == sizeof(int) ? -1 : -1];
      |                    ^~~~~
configure:22202: $? = 1
configure: failed program was:
| /* confdefs.h */
| #define PACKAGE_NAME "curl"
| #define PACKAGE_TARNAME "curl"
| #define PACKAGE_VERSION "-"
| #define PACKAGE_STRING "curl -"
| #define PACKAGE_BUGREPORT "a suitable curl mailing list: https://curl.se/mail/"
| #define PACKAGE_URL ""
| #define HAVE_STDIO_H 1
| #define HAVE_STDLIB_H 1
| #define HAVE_STRING_H 1
| #define HAVE_INTTYPES_H 1
| #define HAVE_STDINT_H 1
| #define HAVE_STRINGS_H 1
| #define HAVE_SYS_STAT_H 1
| #define HAVE_SYS_TYPES_H 1
| #define HAVE_UNISTD_H 1
| #define STDC_HEADERS 1
| #define HAVE_STDATOMIC_H 1
| #define HAVE_ATOMIC 1
| #define PACKAGE "curl"
| #define VERSION "-"
| #define CURL_OS "x86_64-pc-linux-gnu"
| #define HAVE_DLFCN_H 1
| #define LT_OBJDIR ".libs/"
| /* end confdefs.h.  */
| 
| 
|       typedef char bad_t[sizeof(char) == sizeof(int) ? -1 : -1];
| 
| int main(void)
| {
| 
|       bad_t dummy;
|       (void)dummy;
| 
|   return 0;
| }
| 
configure:22211: result: yes
configure:22219: checking if compiler halts on function prototype mismatch
configure:22247: gcc -c -Werror-implicit-function-declaration -O2 -Wno-system-headers  conftest.c >&5
conftest.c:29:11: error: conflicting types for 'rand'; have 'int(int)'
   29 |       int rand(int n);
      |           ^~~~
In file included from conftest.c:28:
/usr/include/stdlib.h:573:12: note: previous declaration of 'rand' with type 'int(void)'
  573 | extern int rand (void) __THROW;
      |            ^~~~
conftest.c:30:11: error: conflicting types for 'rand'; have 'int(int)'
   30 |       int rand(int n)
      |           ^~~~
/usr/include/stdlib.h:573:12: note: previous declaration of 'rand' with type 'int(void)'
  573 | extern int rand (void) __THROW;
      |            ^~~~
configure:22247: $? = 1
configure: failed program was:
| /* confdefs.h */
| #define PACKAGE_NAME "curl"
| #define PACKAGE_TARNAME "curl"
| #define PACKAGE_VERSION "-"
| #define PACKAGE_STRING "curl -"
| #define PACKAGE_BUGREPORT "a suitable curl mailing list: https://curl.se/mail/"
| #define PACKAGE_URL ""
| #define HAVE_STDIO_H 1
| #define HAVE_STDLIB_H 1
| #define HAVE_STRING_H 1
| #define HAVE_INTTYPES_H 1
| #define HAVE_STDINT_H 1
| #define HAVE_STRINGS_H 1
| #define HAVE_SYS_STAT_H 1
| #define HAVE_SYS_TYPES_H 1
| #define HAVE_UNISTD_H 1
| #define STDC_HEADERS 1
| #define HAVE_STDATOMIC_H 1
| #define HAVE_ATOMIC 1
| #define PACKAGE "curl"
| #define VERSION "-"
| #define CURL_OS "x86_64-pc-linux-gnu"
| #define HAVE_DLFCN_H 1
| #define LT_OBJDIR ".libs/"
| /* end confdefs.h.  */
| 
| 
|       #include <stdlib.h>
|       int rand(int n);
|       int rand(int n)
|       {
|         if(n)
|           return ++n;
|         else
|           return n;
|       }
| 
| int main(void)
| {
| 
|       int i[2] ={ 0, 0 };
|       int j = rand(i[0]);
|       if(j)
|         return j;
| 
|   return 0;
| }
| 
configure:22256: result: yes
configure:22265: checking if compiler supports hiding library internal symbols
configure:22358: gcc -c -Werror-implicit-function-declaration -O2 -Wno-system-headers -fvisibility=hidden  conftest.c >&5
configure:22358: $? = 0
configure:22382: result: yes
configure:22439: checking whether build target supports Win32 crypto API
configure:22485: result: no
configure:22576: checking whether to build libcurl and curl in "unity" mode
configure:22593: result: no
configure:22612: checking whether to support http
configure:22654: result: yes
configure:22659: checking whether to support ftp
configure:22679: result: yes
configure:22684: checking whether to support file
configure:22704: result: yes
configure:22709: checking whether to support IPFS
configure:22735: result: yes
configure:22745: checking whether to support ldap
configure:22771: result: yes
configure:22776: checking whether to support ldaps
configure:22818: result: yes
configure:22829: checking whether to support rtsp
configure:22855: result: yes
configure:22866: checking whether to support proxies
configure:22887: result: yes
configure:22893: checking whether to support dict
configure:22913: result: yes
configure:22919: checking whether to support telnet
configure:22939: result: yes
configure:22952: checking whether to support tftp
configure:22972: result: yes
configure:22978: checking whether to support pop3
configure:22998: result: yes
configure:23004: checking whether to support imap
configure:23024: result: yes
configure:23030: checking whether to support smb
configure:23050: result: no
configure:23056: checking whether to support smtp
configure:23076: result: yes
configure:23082: checking whether to support gopher
configure:23102: result: yes
configure:23108: checking whether to support mqtt
configure:23128: result: no
configure:23134: checking enable curl_global_init_mem debug build
configure:23154: result: no
configure:23161: checking whether to provide built-in manual
configure:23178: result: yes
configure:23186: checking whether to build documentation
configure:23206: result: yes
configure:23218: checking whether to enable generation of C code
configure:23238: result: yes
configure:23245: checking whether to use libgcc
configure:23262: result: no
configure:23268: checking whether to use libbacktrace
configure:23289: result: no
configure:23296: checking if X/Open network library is required
configure:23315: gcc -c -Werror-implicit-function-declaration -O2 -Wno-system-headers  -D_GNU_SOURCE conftest.c >&5
conftest.c: In function 'main':
conftest.c:34:10: error: #error force compilation error
   34 |         #error force compilation error
      |          ^~~~~
configure:23315: $? = 1
configure: failed program was:
| /* confdefs.h */
| #define PACKAGE_NAME "curl"
| #define PACKAGE_TARNAME "curl"
| #define PACKAGE_VERSION "-"
| #define PACKAGE_STRING "curl -"
| #define PACKAGE_BUGREPORT "a suitable curl mailing list: https://curl.se/mail/"
| #define PACKAGE_URL ""
| #define HAVE_STDIO_H 1
| #define HAVE_STDLIB_H 1
| #define HAVE_STRING_H 1
| #define HAVE_INTTYPES_H 1
| #define HAVE_STDINT_H 1
| #define HAVE_STRINGS_H 1
| #define HAVE_SYS_STAT_H 1
| #define HAVE_SYS_TYPES_H 1
| #define HAVE_UNISTD_H 1
| #define STDC_HEADERS 1
| #define HAVE_STDATOMIC_H 1
| #define HAVE_ATOMIC 1
| #define PACKAGE "curl"
| #define VERSION "-"
| #define CURL_OS "x86_64-pc-linux-gnu"
| #define HAVE_DLFCN_H 1
| #define LT_OBJDIR ".libs/"
| #define HAVE_LDAP_SSL 1
| /* end confdefs.h.  */
| 
| 
|       int main(void)
|       {
|       #if defined(__hpux) && defined(_XOPEN_SOURCE) && (_XOPEN_SOURCE >= 600)
|       #elif defined(__hpux) && defined(_XOPEN_SOURCE_EXTENDED)
|       #else
|         #error force compilation error
|       #endif
|         return 0;
|       }
| 
| 
configure:23323: result: no
configure:23327: checking for gethostbyname
configure:23327: gcc -o conftest -Werror-implicit-function-declaration -O2 -Wno-system-headers  -D_GNU_SOURCE  conftest.c  >&5
configure:23327: $? = 0
configure:23327: result: yes
configure:23749: checking whether build target is a native Windows one
configure:23788: result: no
configure:23818: checking for proto/bsdsocket.h
configure:23818: gcc -c -Werror-implicit-function-declaration -O2 -Wno-system-headers  -D_GNU_SOURCE conftest.c >&5
conftest.c:44:10: fatal error: proto/bsdsocket.h: No such file or directory
   44 | #include <proto/bsdsocket.h>
      |          ^~~~~~~~~~~~~~~~~~~
compilation terminated.
configure:23818: $? = 1
configure: failed program was:
| /* confdefs.h */
| #define PACKAGE_NAME "curl"
| #define PACKAGE_TARNAME "curl"
| #define PACKAGE_VERSION "-"
| #define PACKAGE_STRING "curl -"
| #define PACKAGE_BUGREPORT "a suitable curl mailing list: https://curl.se/mail/"
| #define PACKAGE_URL ""
| #define HAVE_STDIO_H 1
| #define HAVE_STDLIB_H 1
| #define HAVE_STRING_H 1
| #define HAVE_INTTYPES_H 1
| #define HAVE_STDINT_H 1
| #define HAVE_STRINGS_H 1
| #define HAVE_SYS_STAT_H 1
| #define HAVE_SYS_TYPES_H 1
| #define HAVE_UNISTD_H 1
| #define STDC_HEADERS 1
| #define HAVE_STDATOMIC_H 1
| #define HAVE_ATOMIC 1
| #define PACKAGE "curl"
| #define VERSION "-"
| #define CURL_OS "x86_64-pc-linux-gnu"
| #define HAVE_DLFCN_H 1
| #define LT_OBJDIR ".libs/"
| #define HAVE_LDAP_SSL 1
| /* end confdefs.h.  */
| /* includes start */
| #ifdef HAVE_PROTO_BSDSOCKET_H
| #  define __NO_NET_API
| #  define __USE_INLINE__
| #  include <proto/bsdsocket.h>
| #  ifdef HAVE_SYS_IOCTL_H
| #    include <sys/ioctl.h>
| #  endif
| #  ifdef __amigaos4__
| struct SocketIFace *ISocket = NULL;
| #  else
| struct Library *SocketBase = NULL;
| #  endif
| #  define select(a, b, c, d, e)  WaitSelect(a, b, c, d, e, 0)
| #endif
| /* includes end */
| 
| #include <proto/bsdsocket.h>
configure:23818: result: no
configure:23830: checking for connect in libraries
configure:23857: gcc -o conftest -Werror-implicit-function-declaration -O2 -Wno-system-headers  -D_GNU_SOURCE  conftest.c   >&5
configure:23857: $? = 0
configure:23876: result: yes
configure:23888: checking for sys/types.h
configure:23888: result: yes
configure:23895: checking for monotonic clock_gettime
configure:23921: gcc -c -Werror-implicit-function-declaration -O2 -Wno-system-headers  -D_GNU_SOURCE conftest.c >&5
configure:23921: $? = 0
configure:23924: result: yes
configure:23943: checking for clock_gettime in libraries
configure:23979: gcc -o conftest -Werror-implicit-function-declaration -O2 -Wno-system-headers  -D_GNU_SOURCE  conftest.c  >&5
configure:23979: $? = 0
configure:24001: result: no additional lib required
configure:24025: checking if monotonic clock_gettime works
configure:24119: sh ./run-compiler -o conftest -Werror-implicit-function-declaration -O2 -Wno-system-headers  -D_GNU_SOURCE  conftest.c  >&5
configure:24119: $? = 0
configure:24119: ./conftest
configure:24119: $? = 0
configure:24121: result: yes
configure:24155: checking for sys/types.h
configure:24155: result: yes
configure:24162: checking for raw monotonic clock_gettime
configure:24188: gcc -c -Werror-implicit-function-declaration -O2 -Wno-system-headers  -D_GNU_SOURCE conftest.c >&5
configure:24188: $? = 0
configure:24191: result: yes
configure:24287: checking for pkg-config
configure:24311: found /usr/bin/pkg-config
configure:24323: result: /usr/bin/pkg-config
configure:24348: checking for zlib options with pkg-config
configure:24415: result: found
configure:24540: checking for zlib.h
configure:24540: gcc -c -Werror-implicit-function-declaration -O2 -Wno-system-headers  -D_GNU_SOURCE  conftest.c >&5
configure:24540: $? = 0
configure:24540: result: yes
configure:24628: found both libz and libz.h header
configure:25172: checking for BrotliDecoderDecompress in -lbrotlidec
configure:25194: gcc -o conftest -Werror-implicit-function-declaration -O2 -Wno-system-headers  -D_GNU_SOURCE      conftest.c -lbrotlidec   -lz  >&5
/usr/bin/x86_64-linux-gnu-ld.bfd: cannot find -lbrotlidec: No such file or directory
collect2: error: ld returned 1 exit status
configure:25194: $? = 1
configure: failed program was:
| /* confdefs.h */
| #define PACKAGE_NAME "curl"
| #define PACKAGE_TARNAME "curl"
| #define PACKAGE_VERSION "-"
| #define PACKAGE_STRING "curl -"
| #define PACKAGE_BUGREPORT "a suitable curl mailing list: https://curl.se/mail/"
| #define PACKAGE_URL ""
| #define HAVE_STDIO_H 1
| #define HAVE_STDLIB_H 1
| #define HAVE_STRING_H 1
| #define HAVE_INTTYPES_H 1
| #define HAVE_STDINT_H 1
| #define HAVE_STRINGS_H 1
| #define HAVE_SYS_STAT_H 1
| #define HAVE_SYS_TYPES_H 1
| #define HAVE_UNISTD_H 1
| #define STDC_HEADERS 1
| #define HAVE_STDATOMIC_H 1
| #define HAVE_ATOMIC 1
| #define PACKAGE "curl"
| #define VERSION "-"
| #define CURL_OS "x86_64-pc-linux-gnu"
| #define HAVE_DLFCN_H 1
| #define LT_OBJDIR ".libs/"
| #define HAVE_LDAP_SSL 1
| #define HAVE_SYS_TYPES_H 1
| #define HAVE_CLOCK_GETTIME_MONOTONIC 1
| #define HAVE_SYS_TYPES_H 1
| #define HAVE_CLOCK_GETTIME_MONOTONIC_RAW 1
| #define HAVE_LIBZ 1
| /* end confdefs.h.  */
| 
| 
| #ifdef __cplusplus
| extern "C"
| #endif
| char BrotliDecoderDecompress ();
| int main(void)
| {
| return BrotliDecoderDecompress ();
|   return 0;
| }
configure:25204: result: no
configure:25217: checking for brotli/decode.h
configure:25217: gcc -c -Werror-implicit-function-declaration -O2 -Wno-system-headers  -D_GNU_SOURCE   conftest.c >&5
conftest.c:60:10: fatal error: brotli/decode.h: No such file or directory
   60 | #include <brotli/decode.h>
      |          ^~~~~~~~~~~~~~~~~
compilation terminated.
configure:25217: $? = 1
configure: failed program was:
| /* confdefs.h */
| #define PACKAGE_NAME "curl"
| #define PACKAGE_TARNAME "curl"
| #define PACKAGE_VERSION "-"
| #define PACKAGE_STRING "curl -"
| #define PACKAGE_BUGREPORT "a suitable curl mailing list: https://curl.se/mail/"
| #define PACKAGE_URL ""
| #define HAVE_STDIO_H 1
| #define HAVE_STDLIB_H 1
| #define HAVE_STRING_H 1
| #define HAVE_INTTYPES_H 1
| #define HAVE_STDINT_H 1
| #define HAVE_STRINGS_H 1
| #define HAVE_SYS_STAT_H 1
| #define HAVE_SYS_TYPES_H 1
| #define HAVE_UNISTD_H 1
| #define STDC_HEADERS 1
| #define HAVE_STDATOMIC_H 1
| #define HAVE_ATOMIC 1
| #define PACKAGE "curl"
| #define VERSION "-"
| #define CURL_OS "x86_64-pc-linux-gnu"
| #define HAVE_DLFCN_H 1
| #define LT_OBJDIR ".libs/"
| #define HAVE_LDAP_SSL 1
| #define HAVE_SYS_TYPES_H 1
| #define HAVE_CLOCK_GETTIME_MONOTONIC 1
| #define HAVE_SYS_TYPES_H 1
| #define HAVE_CLOCK_GETTIME_MONOTONIC_RAW 1
| #define HAVE_LIBZ 1
| /* end confdefs.h.  */
| #include <stddef.h>
| #ifdef HAVE_STDIO_H
| # include <stdio.h>
| #endif
| #ifdef HAVE_STDLIB_H
| # include <stdlib.h>
| #endif
| #ifdef HAVE_STRING_H
| # include <string.h>
| #endif
| #ifdef HAVE_INTTYPES_H
| # include <inttypes.h>
| #endif
| #ifdef HAVE_STDINT_H
| # include <stdint.h>
| #endif
| #ifdef HAVE_STRINGS_H
| # include <strings.h>
| #endif
| #ifdef HAVE_SYS_TYPES_H
| # include <sys/types.h>
| #endif
| #ifdef HAVE_SYS_STAT_H
| # include <sys/stat.h>
| #endif
| #ifdef HAVE_UNISTD_H
| # include <unistd.h>
| #endif
| #include <brotli/decode.h>
configure:25217: result: no
configure:25538: checking for ZSTD_createDStream in -lzstd
configure:25560: gcc -o conftest -Werror-implicit-function-declaration -O2 -Wno-system-headers  -D_GNU_SOURCE      conftest.c -lzstd   -lz  >&5
/usr/bin/x86_64-linux-gnu-ld.bfd: cannot find -lzstd: No such file or directory
collect2: error: ld returned 1 exit status
configure:25560: $? = 1
configure: failed program was:
| /* confdefs.h */
| #define PACKAGE_NAME "curl"
| #define PACKAGE_TARNAME "curl"
| #define PACKAGE_VERSION "-"
| #define PACKAGE_STRING "curl -"
| #define PACKAGE_BUGREPORT "a suitable curl mailing list: https://curl.se/mail/"
| #define PACKAGE_URL ""
| #define HAVE_STDIO_H 1
| #define HAVE_STDLIB_H 1
| #define HAVE_STRING_H 1
| #define HAVE_INTTYPES_H 1
| #define HAVE_STDINT_H 1
| #define HAVE_STRINGS_H 1
| #define HAVE_SYS_STAT_H 1
| #define HAVE_SYS_TYPES_H 1
| #define HAVE_UNISTD_H 1
| #define STDC_HEADERS 1
| #define HAVE_STDATOMIC_H 1
| #define HAVE_ATOMIC 1
| #define PACKAGE "curl"
| #define VERSION "-"
| #define CURL_OS "x86_64-pc-linux-gnu"
| #define HAVE_DLFCN_H 1
| #define LT_OBJDIR ".libs/"
| #define HAVE_LDAP_SSL 1
| #define HAVE_SYS_TYPES_H 1
| #define HAVE_CLOCK_GETTIME_MONOTONIC 1
| #define HAVE_SYS_TYPES_H 1
| #define HAVE_CLOCK_GETTIME_MONOTONIC_RAW 1
| #define HAVE_LIBZ 1
| /* end confdefs.h.  */
| 
| 
| #ifdef __cplusplus
| extern "C"
| #endif
| char ZSTD_createDStream ();
| int main(void)
| {
| return ZSTD_createDStream ();
|   return 0;
| }
configure:25570: result: no
configure:25583: checking for zstd.h
configure:25583: gcc -c -Werror-implicit-function-declaration -O2 -Wno-system-headers  -D_GNU_SOURCE   conftest.c >&5
conftest.c:60:10: fatal error: zstd.h: No such file or directory
   60 | #include <zstd.h>
      |          ^~~~~~~~
compilation terminated.
configure:25583: $? = 1
configure: failed program was:
| /* confdefs.h */
| #define PACKAGE_NAME "curl"
| #define PACKAGE_TARNAME "curl"
| #define PACKAGE_VERSION "-"
| #define PACKAGE_STRING "curl -"
| #define PACKAGE_BUGREPORT "a suitable curl mailing list: https://curl.se/mail/"
| #define PACKAGE_URL ""
| #define HAVE_STDIO_H 1
| #define HAVE_STDLIB_H 1
| #define HAVE_STRING_H 1
| #define HAVE_INTTYPES_H 1
| #define HAVE_STDINT_H 1
| #define HAVE_STRINGS_H 1
| #define HAVE_SYS_STAT_H 1
| #define HAVE_SYS_TYPES_H 1
| #define HAVE_UNISTD_H 1
| #define STDC_HEADERS 1
| #define HAVE_STDATOMIC_H 1
| #define HAVE_ATOMIC 1
| #define PACKAGE "curl"
| #define VERSION "-"
| #define CURL_OS "x86_64-pc-linux-gnu"
| #define HAVE_DLFCN_H 1
| #define LT_OBJDIR ".libs/"
| #define HAVE_LDAP_SSL 1
| #define HAVE_SYS_TYPES_H 1
| #define HAVE_CLOCK_GETTIME_MONOTONIC 1
| #define HAVE_SYS_TYPES_H 1
| #define HAVE_CLOCK_GETTIME_MONOTONIC_RAW 1
| #define HAVE_LIBZ 1
| /* end confdefs.h.  */
| #include <stddef.h>
| #ifdef HAVE_STDIO_H
| # include <stdio.h>
| #endif
| #ifdef HAVE_STDLIB_H
| # include <stdlib.h>
| #endif
| #ifdef HAVE_STRING_H
| # include <string.h>
| #endif
| #ifdef HAVE_INTTYPES_H
| # include <inttypes.h>
| #endif
| #ifdef HAVE_STDINT_H
| # include <stdint.h>
| #endif
| #ifdef HAVE_STRINGS_H
| # include <strings.h>
| #endif
| #ifdef HAVE_SYS_TYPES_H
| # include <sys/types.h>
| #endif
| #ifdef HAVE_SYS_STAT_H
| # include <sys/stat.h>
| #endif
| #ifdef HAVE_UNISTD_H
| # include <unistd.h>
| #endif
| #include <zstd.h>
configure:25583: result: no
configure:25622: checking whether to enable IPv6
configure:25665: gcc -c -Werror-implicit-function-declaration -O2 -Wno-system-headers  -D_GNU_SOURCE  conftest.c >&5
configure:25665: $? = 0
configure:25667: result: yes
configure:25688: checking if struct sockaddr_in6 has sin6_scope_id member
configure:25716: gcc -c -Werror-implicit-function-declaration -O2 -Wno-system-headers  -D_GNU_SOURCE  conftest.c >&5
configure:25716: $? = 0
configure:25719: result: yes
configure:25735: checking if argv can be written to
configure:25805: sh ./run-compiler -o conftest -Werror-implicit-function-declaration -O2 -Wno-system-headers  -D_GNU_SOURCE    conftest.c -lz  >&5
configure:25805: $? = 0
configure:25805: ./conftest
configure:25805: $? = 0
configure:25830: result: yes
configure:25892: checking if GSS-API support is requested
configure:26421: result: no
configure:27067: checking whether to enable Windows native SSL/TLS
configure:27095: result: no
configure:27100: checking whether to enable Amiga native SSL/TLS (AmiSSL v5)
configure:27190: result: no
configure:27339: checking for pkg-config
configure:27375: result: /usr/bin/pkg-config
configure:27400: checking for openssl options with pkg-config
configure:27467: result: found
configure:27560: pkg-config: SSL_LIBS: "-lssl -lcrypto"
configure:27562: pkg-config: SSL_LDFLAGS: ""
configure:27564: pkg-config: SSL_CPPFLAGS: ""
configure:27577: checking for HMAC_Update in -lcrypto
configure:27599: gcc -o conftest -Werror-implicit-function-declaration -O2 -Wno-system-headers  -D_GNU_SOURCE      conftest.c -lcrypto  -lssl -lcrypto -lz  >&5
configure:27599: $? = 0
configure:27609: result: yes
configure:27745: checking for SSL_connect in -lssl
configure:27767: gcc -o conftest -Werror-implicit-function-declaration -O2 -Wno-system-headers  -D_GNU_SOURCE      conftest.c -lssl  -lcrypto -lssl -lcrypto -lz  >&5
configure:27767: $? = 0
configure:27777: result: yes
configure:27792: checking for openssl/rsa.h
configure:27792: gcc -c -Werror-implicit-function-declaration -O2 -Wno-system-headers  -D_GNU_SOURCE   conftest.c >&5
configure:27792: $? = 0
configure:27792: result: yes
configure:27792: checking for openssl/crypto.h
configure:27792: gcc -c -Werror-implicit-function-declaration -O2 -Wno-system-headers  -D_GNU_SOURCE   conftest.c >&5
configure:27792: $? = 0
configure:27792: result: yes
configure:27792: checking for openssl/pem.h
configure:27792: gcc -c -Werror-implicit-function-declaration -O2 -Wno-system-headers  -D_GNU_SOURCE   conftest.c >&5
configure:27792: $? = 0
configure:27792: result: yes
configure:27792: checking for openssl/ssl.h
configure:27792: gcc -c -Werror-implicit-function-declaration -O2 -Wno-system-headers  -D_GNU_SOURCE   conftest.c >&5
configure:27792: $? = 0
configure:27792: result: yes
configure:27792: checking for openssl/err.h
configure:27792: gcc -c -Werror-implicit-function-declaration -O2 -Wno-system-headers  -D_GNU_SOURCE   conftest.c >&5
configure:27792: $? = 0
configure:27792: result: yes
configure:27821: checking for BoringSSL
configure:27840: gcc -c -Werror-implicit-function-declaration -O2 -Wno-system-headers  -D_GNU_SOURCE   conftest.c >&5
conftest.c:48:18: fatal error: openssl/base.h: No such file or directory
   48 |         #include <openssl/base.h>
      |                  ^~~~~~~~~~~~~~~~
compilation terminated.
configure:27840: $? = 1
configure: failed program was:
| /* confdefs.h */
| #define PACKAGE_NAME "curl"
| #define PACKAGE_TARNAME "curl"
| #define PACKAGE_VERSION "-"
| #define PACKAGE_STRING "curl -"
| #define PACKAGE_BUGREPORT "a suitable curl mailing list: https://curl.se/mail/"
| #define PACKAGE_URL ""
| #define HAVE_STDIO_H 1
| #define HAVE_STDLIB_H 1
| #define HAVE_STRING_H 1
| #define HAVE_INTTYPES_H 1
| #define HAVE_STDINT_H 1
| #define HAVE_STRINGS_H 1
| #define HAVE_SYS_STAT_H 1
| #define HAVE_SYS_TYPES_H 1
| #define HAVE_UNISTD_H 1
| #define STDC_HEADERS 1
| #define HAVE_STDATOMIC_H 1
| #define HAVE_ATOMIC 1
| #define PACKAGE "curl"
| #define VERSION "-"
| #define CURL_OS "x86_64-pc-linux-gnu"
| #define HAVE_DLFCN_H 1
| #define LT_OBJDIR ".libs/"
| #define HAVE_LDAP_SSL 1
| #define HAVE_SYS_TYPES_H 1
| #define HAVE_CLOCK_GETTIME_MONOTONIC 1
| #define HAVE_SYS_TYPES_H 1
| #define HAVE_CLOCK_GETTIME_MONOTONIC_RAW 1
| #define HAVE_LIBZ 1
| #define USE_IPV6 1
| #define HAVE_SOCKADDR_IN6_SIN6_SCOPE_ID 1
| #define HAVE_WRITABLE_ARGV 1
| #define HAVE_LIBSSL 1
| #define HAVE_OPENSSL_RSA_H 1
| #define USE_OPENSSL 1
| #define HAVE_OPENSSL_CRYPTO_H 1
| #define USE_OPENSSL 1
| #define HAVE_OPENSSL_PEM_H 1
| #define USE_OPENSSL 1
| #define HAVE_OPENSSL_SSL_H 1
| #define USE_OPENSSL 1
| #define HAVE_OPENSSL_ERR_H 1
| #define USE_OPENSSL 1
| /* end confdefs.h.  */
| 
| 
|         #include <openssl/base.h>
| 
| int main(void)
| {
| 
|         #ifndef OPENSSL_IS_BORINGSSL
|         #error not boringssl
|         #endif
| 
|   return 0;
| }
| 
configure:27850: result: no
configure:27856: checking for AWS-LC
configure:27875: gcc -c -Werror-implicit-function-declaration -O2 -Wno-system-headers  -D_GNU_SOURCE   conftest.c >&5
conftest.c:48:18: fatal error: openssl/base.h: No such file or directory
   48 |         #include <openssl/base.h>
      |                  ^~~~~~~~~~~~~~~~
compilation terminated.
configure:27875: $? = 1
configure: failed program was:
| /* confdefs.h */
| #define PACKAGE_NAME "curl"
| #define PACKAGE_TARNAME "curl"
| #define PACKAGE_VERSION "-"
| #define PACKAGE_STRING "curl -"
| #define PACKAGE_BUGREPORT "a suitable curl mailing list: https://curl.se/mail/"
| #define PACKAGE_URL ""
| #define HAVE_STDIO_H 1
| #define HAVE_STDLIB_H 1
| #define HAVE_STRING_H 1
| #define HAVE_INTTYPES_H 1
| #define HAVE_STDINT_H 1
| #define HAVE_STRINGS_H 1
| #define HAVE_SYS_STAT_H 1
| #define HAVE_SYS_TYPES_H 1
| #define HAVE_UNISTD_H 1
| #define STDC_HEADERS 1
| #define HAVE_STDATOMIC_H 1
| #define HAVE_ATOMIC 1
| #define PACKAGE "curl"
| #define VERSION "-"
| #define CURL_OS "x86_64-pc-linux-gnu"
| #define HAVE_DLFCN_H 1
| #define LT_OBJDIR ".libs/"
| #define HAVE_LDAP_SSL 1
| #define HAVE_SYS_TYPES_H 1
| #define HAVE_CLOCK_GETTIME_MONOTONIC 1
| #define HAVE_SYS_TYPES_H 1
| #define HAVE_CLOCK_GETTIME_MONOTONIC_RAW 1
| #define HAVE_LIBZ 1
| #define USE_IPV6 1
| #define HAVE_SOCKADDR_IN6_SIN6_SCOPE_ID 1
| #define HAVE_WRITABLE_ARGV 1
| #define HAVE_LIBSSL 1
| #define HAVE_OPENSSL_RSA_H 1
| #define USE_OPENSSL 1
| #define HAVE_OPENSSL_CRYPTO_H 1
| #define USE_OPENSSL 1
| #define HAVE_OPENSSL_PEM_H 1
| #define USE_OPENSSL 1
| #define HAVE_OPENSSL_SSL_H 1
| #define USE_OPENSSL 1
| #define HAVE_OPENSSL_ERR_H 1
| #define USE_OPENSSL 1
| /* end confdefs.h.  */
| 
| 
|         #include <openssl/base.h>
| 
| int main(void)
| {
| 
|         #ifndef OPENSSL_IS_AWSLC
|         #error not AWS-LC
|         #endif
| 
|   return 0;
| }
| 
configure:27885: result: no
configure:27891: checking for LibreSSL
configure:27909: gcc -c -Werror-implicit-function-declaration -O2 -Wno-system-headers  -D_GNU_SOURCE   conftest.c >&5
conftest.c: In function 'main':
conftest.c:53:21: error: 'LIBRESSL_VERSION_NUMBER' undeclared (first use in this function); did you mean 'OPENSSL_VERSION_NUMBER'?
   53 |         int dummy = LIBRESSL_VERSION_NUMBER;
      |                     ^~~~~~~~~~~~~~~~~~~~~~~
      |                     OPENSSL_VERSION_NUMBER
conftest.c:53:21: note: each undeclared identifier is reported only once for each function it appears in
configure:27909: $? = 1
configure: failed program was:
| /* confdefs.h */
| #define PACKAGE_NAME "curl"
| #define PACKAGE_TARNAME "curl"
| #define PACKAGE_VERSION "-"
| #define PACKAGE_STRING "curl -"
| #define PACKAGE_BUGREPORT "a suitable curl mailing list: https://curl.se/mail/"
| #define PACKAGE_URL ""
| #define HAVE_STDIO_H 1
| #define HAVE_STDLIB_H 1
| #define HAVE_STRING_H 1
| #define HAVE_INTTYPES_H 1
| #define HAVE_STDINT_H 1
| #define HAVE_STRINGS_H 1
| #define HAVE_SYS_STAT_H 1
| #define HAVE_SYS_TYPES_H 1
| #define HAVE_UNISTD_H 1
| #define STDC_HEADERS 1
| #define HAVE_STDATOMIC_H 1
| #define HAVE_ATOMIC 1
| #define PACKAGE "curl"
| #define VERSION "-"
| #define CURL_OS "x86_64-pc-linux-gnu"
| #define HAVE_DLFCN_H 1
| #define LT_OBJDIR ".libs/"
| #define HAVE_LDAP_SSL 1
| #define HAVE_SYS_TYPES_H 1
| #define HAVE_CLOCK_GETTIME_MONOTONIC 1
| #define HAVE_SYS_TYPES_H 1
| #define HAVE_CLOCK_GETTIME_MONOTONIC_RAW 1
| #define HAVE_LIBZ 1
| #define USE_IPV6 1
| #define HAVE_SOCKADDR_IN6_SIN6_SCOPE_ID 1
| #define HAVE_WRITABLE_ARGV 1
| #define HAVE_LIBSSL 1
| #define HAVE_OPENSSL_RSA_H 1
| #define USE_OPENSSL 1
| #define HAVE_OPENSSL_CRYPTO_H 1
| #define USE_OPENSSL 1
| #define HAVE_OPENSSL_PEM_H 1
| #define USE_OPENSSL 1
| #define HAVE_OPENSSL_SSL_H 1
| #define USE_OPENSSL 1
| #define HAVE_OPENSSL_ERR_H 1
| #define USE_OPENSSL 1
| /* end confdefs.h.  */
| 
| 
|         #include <openssl/opensslv.h>
| 
| int main(void)
| {
| 
|         int dummy = LIBRESSL_VERSION_NUMBER;
|         (void)dummy;
| 
|   return 0;
| }
| 
configure:27919: result: no
configure:27926: checking for OpenSSL >= v3
configure:27947: gcc -c -Werror-implicit-function-declaration -O2 -Wno-system-headers  -D_GNU_SOURCE   conftest.c >&5
configure:27947: $? = 0
configure:27962: checking for SSL_set_quic_use_legacy_codepoint
configure:27962: gcc -o conftest -Werror-implicit-function-declaration -O2 -Wno-system-headers  -D_GNU_SOURCE      conftest.c -lssl -lcrypto -lssl -lcrypto -lz  >&5
/usr/bin/x86_64-linux-gnu-ld.bfd: /tmp/ccIqaUqW.o: in function `main':
conftest.c:(.text.startup+0x5): undefined reference to `SSL_set_quic_use_legacy_codepoint'
collect2: error: ld returned 1 exit status
configure:27962: $? = 1
configure: failed program was:
| /* confdefs.h */
| #define PACKAGE_NAME "curl"
| #define PACKAGE_TARNAME "curl"
| #define PACKAGE_VERSION "-"
| #define PACKAGE_STRING "curl -"
| #define PACKAGE_BUGREPORT "a suitable curl mailing list: https://curl.se/mail/"
| #define PACKAGE_URL ""
| #define HAVE_STDIO_H 1
| #define HAVE_STDLIB_H 1
| #define HAVE_STRING_H 1
| #define HAVE_INTTYPES_H 1
| #define HAVE_STDINT_H 1
| #define HAVE_STRINGS_H 1
| #define HAVE_SYS_STAT_H 1
| #define HAVE_SYS_TYPES_H 1
| #define HAVE_UNISTD_H 1
| #define STDC_HEADERS 1
| #define HAVE_STDATOMIC_H 1
| #define HAVE_ATOMIC 1
| #define PACKAGE "curl"
| #define VERSION "-"
| #define CURL_OS "x86_64-pc-linux-gnu"
| #define HAVE_DLFCN_H 1
| #define LT_OBJDIR ".libs/"
| #define HAVE_LDAP_SSL 1
| #define HAVE_SYS_TYPES_H 1
| #define HAVE_CLOCK_GETTIME_MONOTONIC 1
| #define HAVE_SYS_TYPES_H 1
| #define HAVE_CLOCK_GETTIME_MONOTONIC_RAW 1
| #define HAVE_LIBZ 1
| #define USE_IPV6 1
| #define HAVE_SOCKADDR_IN6_SIN6_SCOPE_ID 1
| #define HAVE_WRITABLE_ARGV 1
| #define HAVE_LIBSSL 1
| #define HAVE_OPENSSL_RSA_H 1
| #define USE_OPENSSL 1
| #define HAVE_OPENSSL_CRYPTO_H 1
| #define USE_OPENSSL 1
| #define HAVE_OPENSSL_PEM_H 1
| #define USE_OPENSSL 1
| #define HAVE_OPENSSL_SSL_H 1
| #define USE_OPENSSL 1
| #define HAVE_OPENSSL_ERR_H 1
| #define USE_OPENSSL 1
| /* end confdefs.h.  */
| 
| #define SSL_set_quic_use_legacy_codepoint innocuous_SSL_set_quic_use_legacy_codepoint
| #ifdef __STDC__
| #  include <limits.h>
| #else
| #  include <assert.h>
| #endif
| #undef SSL_set_quic_use_legacy_codepoint
| #ifdef __cplusplus
| extern "C"
| #endif
| char SSL_set_quic_use_legacy_codepoint ();
| #if defined __stub_SSL_set_quic_use_legacy_codepoint || defined __stub___SSL_set_quic_use_legacy_codepoint
| #error force compilation error
| #endif
| 
| int main(void)
| {
| return SSL_set_quic_use_legacy_codepoint ();
|   return 0;
| }
configure:27962: result: no
configure:27977: checking for SSL_set_quic_tls_cbs
configure:27977: gcc -o conftest -Werror-implicit-function-declaration -O2 -Wno-system-headers  -D_GNU_SOURCE      conftest.c -lssl -lcrypto -lssl -lcrypto -lz  >&5
configure:27977: $? = 0
configure:27977: result: yes
configure:27986: OpenSSL with QUIC APIv2
configure:28022: checking for DES support in OpenSSL
configure:28042: gcc -o conftest -Werror-implicit-function-declaration -O2 -Wno-system-headers  -D_GNU_SOURCE      conftest.c -lssl -lcrypto -lssl -lcrypto -lz  >&5
configure:28042: $? = 0
configure:28045: result: yes
configure:28061: checking for SRP support in OpenSSL
configure:28082: gcc -o conftest -Werror-implicit-function-declaration -O2 -Wno-system-headers  -D_GNU_SOURCE      conftest.c -lssl -lcrypto -lssl -lcrypto -lz  >&5
configure:28082: $? = 0
configure:28085: result: yes
configure:30014: checking whether to enable Apple OS native certificate validation
configure:30065: result: no
configure:30086: built with one SSL backend
configure:30125: checking whether to use native CA store
configure:30145: result: no
configure:30155: checking default CA cert bundle/path
configure:30236: want unset ca /etc/ssl/certs/ca-certificates.crt
configure:30277: result: /etc/ssl/certs/ca-certificates.crt
configure:30285: result: /etc/ssl/certs (capath)
configure:30293: checking whether to use OpenSSL's built-in CA store
configure:30308: result: no
configure:30321: checking CA cert bundle path to embed in the curl tool
configure:30353: result: no
configure:30518: checking for pkg-config
configure:30554: result: /usr/bin/pkg-config
configure:30579: checking for libpsl options with pkg-config
configure:30646: result: found
configure:30724: checking for psl_builtin in -lpsl
configure:30746: gcc -o conftest -Werror-implicit-function-declaration -O2 -Wno-system-headers  -D_GNU_SOURCE        conftest.c -lpsl  -lpsl -lssl -lcrypto -lssl -lcrypto -lz  >&5
configure:30746: $? = 0
configure:30756: result: yes
configure:30763: checking for libpsl.h
configure:30763: gcc -c -Werror-implicit-function-declaration -O2 -Wno-system-headers  -D_GNU_SOURCE    conftest.c >&5
configure:30763: $? = 0
configure:30763: result: yes
configure:31951: checking for lber.h
configure:31989: gcc -c -Werror-implicit-function-declaration -O2 -Wno-system-headers  -D_GNU_SOURCE    conftest.c >&5
conftest.c:69:18: fatal error: lber.h: No such file or directory
   69 |         #include <lber.h>
      |                  ^~~~~~~~
compilation terminated.
configure:31989: $? = 1
configure: failed program was:
| /* confdefs.h */
| #define PACKAGE_NAME "curl"
| #define PACKAGE_TARNAME "curl"
| #define PACKAGE_VERSION "-"
| #define PACKAGE_STRING "curl -"
| #define PACKAGE_BUGREPORT "a suitable curl mailing list: https://curl.se/mail/"
| #define PACKAGE_URL ""
| #define HAVE_STDIO_H 1
| #define HAVE_STDLIB_H 1
| #define HAVE_STRING_H 1
| #define HAVE_INTTYPES_H 1
| #define HAVE_STDINT_H 1
| #define HAVE_STRINGS_H 1
| #define HAVE_SYS_STAT_H 1
| #define HAVE_SYS_TYPES_H 1
| #define HAVE_UNISTD_H 1
| #define STDC_HEADERS 1
| #define HAVE_STDATOMIC_H 1
| #define HAVE_ATOMIC 1
| #define PACKAGE "curl"
| #define VERSION "-"
| #define CURL_OS "x86_64-pc-linux-gnu"
| #define HAVE_DLFCN_H 1
| #define LT_OBJDIR ".libs/"
| #define HAVE_LDAP_SSL 1
| #define HAVE_SYS_TYPES_H 1
| #define HAVE_CLOCK_GETTIME_MONOTONIC 1
| #define HAVE_SYS_TYPES_H 1
| #define HAVE_CLOCK_GETTIME_MONOTONIC_RAW 1
| #define HAVE_LIBZ 1
| #define USE_IPV6 1
| #define HAVE_SOCKADDR_IN6_SIN6_SCOPE_ID 1
| #define HAVE_WRITABLE_ARGV 1
| #define HAVE_LIBSSL 1
| #define HAVE_OPENSSL_RSA_H 1
| #define USE_OPENSSL 1
| #define HAVE_OPENSSL_CRYPTO_H 1
| #define USE_OPENSSL 1
| #define HAVE_OPENSSL_PEM_H 1
| #define USE_OPENSSL 1
| #define HAVE_OPENSSL_SSL_H 1
| #define USE_OPENSSL 1
| #define HAVE_OPENSSL_ERR_H 1
| #define USE_OPENSSL 1
| #define HAVE_SSL_SET_QUIC_TLS_CBS 1
| #define HAVE_DES_ECB_ENCRYPT 1
| #define HAVE_OPENSSL_SRP 1
| #define CURL_CA_BUNDLE "/etc/ssl/certs/ca-certificates.crt"
| #define CURL_CA_PATH "/etc/ssl/certs"
| #define HAVE_LIBPSL_H 1
| #define USE_LIBPSL 1
| /* end confdefs.h.  */
| 
| 
|         #undef inline
|         #ifdef _WIN32
|         #ifndef WIN32_LEAN_AND_MEAN
|         #define WIN32_LEAN_AND_MEAN
|         #endif
|         #include <windows.h>
|         #else
|         #ifdef HAVE_SYS_TYPES_H
|         #include <sys/types.h>
|         #endif
|         #endif
|         #ifndef NULL
|         #define NULL (void *)0
|         #endif
|         #include <lber.h>
| 
| int main(void)
| {
| 
|         BerValue *bvp = NULL;
|         BerElement *bep = ber_init(bvp);
|         ber_free(bep, 1);
| 
|   return 0;
| }
| 
configure:32002: result: no
configure:32066: checking for ldap.h
configure:32107: gcc -c -Werror-implicit-function-declaration -O2 -Wno-system-headers  -D_GNU_SOURCE    conftest.c >&5
conftest.c:72:18: fatal error: ldap.h: No such file or directory
   72 |         #include <ldap.h>
      |                  ^~~~~~~~
compilation terminated.
configure:32107: $? = 1
configure: failed program was:
| /* confdefs.h */
| #define PACKAGE_NAME "curl"
| #define PACKAGE_TARNAME "curl"
| #define PACKAGE_VERSION "-"
| #define PACKAGE_STRING "curl -"
| #define PACKAGE_BUGREPORT "a suitable curl mailing list: https://curl.se/mail/"
| #define PACKAGE_URL ""
| #define HAVE_STDIO_H 1
| #define HAVE_STDLIB_H 1
| #define HAVE_STRING_H 1
| #define HAVE_INTTYPES_H 1
| #define HAVE_STDINT_H 1
| #define HAVE_STRINGS_H 1
| #define HAVE_SYS_STAT_H 1
| #define HAVE_SYS_TYPES_H 1
| #define HAVE_UNISTD_H 1
| #define STDC_HEADERS 1
| #define HAVE_STDATOMIC_H 1
| #define HAVE_ATOMIC 1
| #define PACKAGE "curl"
| #define VERSION "-"
| #define CURL_OS "x86_64-pc-linux-gnu"
| #define HAVE_DLFCN_H 1
| #define LT_OBJDIR ".libs/"
| #define HAVE_LDAP_SSL 1
| #define HAVE_SYS_TYPES_H 1
| #define HAVE_CLOCK_GETTIME_MONOTONIC 1
| #define HAVE_SYS_TYPES_H 1
| #define HAVE_CLOCK_GETTIME_MONOTONIC_RAW 1
| #define HAVE_LIBZ 1
| #define USE_IPV6 1
| #define HAVE_SOCKADDR_IN6_SIN6_SCOPE_ID 1
| #define HAVE_WRITABLE_ARGV 1
| #define HAVE_LIBSSL 1
| #define HAVE_OPENSSL_RSA_H 1
| #define USE_OPENSSL 1
| #define HAVE_OPENSSL_CRYPTO_H 1
| #define USE_OPENSSL 1
| #define HAVE_OPENSSL_PEM_H 1
| #define USE_OPENSSL 1
| #define HAVE_OPENSSL_SSL_H 1
| #define USE_OPENSSL 1
| #define HAVE_OPENSSL_ERR_H 1
| #define USE_OPENSSL 1
| #define HAVE_SSL_SET_QUIC_TLS_CBS 1
| #define HAVE_DES_ECB_ENCRYPT 1
| #define HAVE_OPENSSL_SRP 1
| #define CURL_CA_BUNDLE "/etc/ssl/certs/ca-certificates.crt"
| #define CURL_CA_PATH "/etc/ssl/certs"
| #define HAVE_LIBPSL_H 1
| #define USE_LIBPSL 1
| /* end confdefs.h.  */
| 
| 
|         #undef inline
|         #ifdef _WIN32
|         #ifndef WIN32_LEAN_AND_MEAN
|         #define WIN32_LEAN_AND_MEAN
|         #endif
|         #include <windows.h>
|         #else
|         #ifdef HAVE_SYS_TYPES_H
|         #include <sys/types.h>
|         #endif
|         #endif
|         #ifndef LDAP_DEPRECATED
|         #define LDAP_DEPRECATED 1
|         #endif
|         #ifdef NEED_LBER_H
|         #include <lber.h>
|         #endif
|         #include <ldap.h>
| 
| int main(void)
| {
| 
|         LDAP *ldp = ldap_init("0.0.0.0", LDAP_PORT);
|         int res = ldap_unbind(ldp);
|         (void)res;
| 
|   return 0;
| }
| 
configure:32120: result: no
configure:32132: checking for ldap_ssl.h
configure:32175: gcc -c -Werror-implicit-function-declaration -O2 -Wno-system-headers  -D_GNU_SOURCE    conftest.c >&5
conftest.c:75:18: fatal error: ldap_ssl.h: No such file or directory
   75 |         #include <ldap_ssl.h>
      |                  ^~~~~~~~~~~~
compilation terminated.
configure:32175: $? = 1
configure: failed program was:
| /* confdefs.h */
| #define PACKAGE_NAME "curl"
| #define PACKAGE_TARNAME "curl"
| #define PACKAGE_VERSION "-"
| #define PACKAGE_STRING "curl -"
| #define PACKAGE_BUGREPORT "a suitable curl mailing list: https://curl.se/mail/"
| #define PACKAGE_URL ""
| #define HAVE_STDIO_H 1
| #define HAVE_STDLIB_H 1
| #define HAVE_STRING_H 1
| #define HAVE_INTTYPES_H 1
| #define HAVE_STDINT_H 1
| #define HAVE_STRINGS_H 1
| #define HAVE_SYS_STAT_H 1
| #define HAVE_SYS_TYPES_H 1
| #define HAVE_UNISTD_H 1
| #define STDC_HEADERS 1
| #define HAVE_STDATOMIC_H 1
| #define HAVE_ATOMIC 1
| #define PACKAGE "curl"
| #define VERSION "-"
| #define CURL_OS "x86_64-pc-linux-gnu"
| #define HAVE_DLFCN_H 1
| #define LT_OBJDIR ".libs/"
| #define HAVE_LDAP_SSL 1
| #define HAVE_SYS_TYPES_H 1
| #define HAVE_CLOCK_GETTIME_MONOTONIC 1
| #define HAVE_SYS_TYPES_H 1
| #define HAVE_CLOCK_GETTIME_MONOTONIC_RAW 1
| #define HAVE_LIBZ 1
| #define USE_IPV6 1
| #define HAVE_SOCKADDR_IN6_SIN6_SCOPE_ID 1
| #define HAVE_WRITABLE_ARGV 1
| #define HAVE_LIBSSL 1
| #define HAVE_OPENSSL_RSA_H 1
| #define USE_OPENSSL 1
| #define HAVE_OPENSSL_CRYPTO_H 1
| #define USE_OPENSSL 1
| #define HAVE_OPENSSL_PEM_H 1
| #define USE_OPENSSL 1
| #define HAVE_OPENSSL_SSL_H 1
| #define USE_OPENSSL 1
| #define HAVE_OPENSSL_ERR_H 1
| #define USE_OPENSSL 1
| #define HAVE_SSL_SET_QUIC_TLS_CBS 1
| #define HAVE_DES_ECB_ENCRYPT 1
| #define HAVE_OPENSSL_SRP 1
| #define CURL_CA_BUNDLE "/etc/ssl/certs/ca-certificates.crt"
| #define CURL_CA_PATH "/etc/ssl/certs"
| #define HAVE_LIBPSL_H 1
| #define USE_LIBPSL 1
| /* end confdefs.h.  */
| 
| 
|         #undef inline
|         #ifdef _WIN32
|         #ifndef WIN32_LEAN_AND_MEAN
|         #define WIN32_LEAN_AND_MEAN
|         #endif
|         #include <windows.h>
|         #else
|         #ifdef HAVE_SYS_TYPES_H
|         #include <sys/types.h>
|         #endif
|         #endif
|         #ifndef LDAP_DEPRECATED
|         #define LDAP_DEPRECATED 1
|         #endif
|         #ifdef NEED_LBER_H
|         #include <lber.h>
|         #endif
|         #ifdef HAVE_LDAP_H
|         #include <ldap.h>
|         #endif
|         #include <ldap_ssl.h>
| 
| int main(void)
| {
| 
|         LDAP *ldp = ldapssl_init("0.0.0.0", LDAPS_PORT, 1);
|         (void)ldp;
| 
|   return 0;
| }
| 
configure:32188: result: no
configure:32369: checking for LDAP libraries
configure:32435: gcc -o conftest -Werror-implicit-function-declaration -O2 -Wno-system-headers  -D_GNU_SOURCE        conftest.c -lpsl -lssl -lcrypto -lssl -lcrypto -lz  >&5
conftest.c: In function 'main':
conftest.c:82:11: error: unknown type name 'BerValue'
   82 |           BerValue *bvp = NULL;
      |           ^~~~~~~~
conftest.c:83:11: error: unknown type name 'BerElement'
   83 |           BerElement *bep = ber_init(bvp);
      |           ^~~~~~~~~~
conftest.c:83:29: error: implicit declaration of function 'ber_init' [-Wimplicit-function-declaration]
   83 |           BerElement *bep = ber_init(bvp);
      |                             ^~~~~~~~
conftest.c:83:29: error: initialization of 'int *' from 'int' makes pointer from integer without a cast [-Wint-conversion]
conftest.c:84:11: error: unknown type name 'LDAP'
   84 |           LDAP *ldp = ldap_init("0.0.0.0", LDAP_PORT);
      |           ^~~~
conftest.c:84:23: error: implicit declaration of function 'ldap_init' [-Wimplicit-function-declaration]
   84 |           LDAP *ldp = ldap_init("0.0.0.0", LDAP_PORT);
      |                       ^~~~~~~~~
conftest.c:84:44: error: 'LDAP_PORT' undeclared (first use in this function)
   84 |           LDAP *ldp = ldap_init("0.0.0.0", LDAP_PORT);
      |                                            ^~~~~~~~~
conftest.c:84:44: note: each undeclared identifier is reported only once for each function it appears in
conftest.c:85:21: error: implicit declaration of function 'ldap_unbind' [-Wimplicit-function-declaration]
   85 |           int res = ldap_unbind(ldp);
      |                     ^~~~~~~~~~~
conftest.c:86:11: error: implicit declaration of function 'ber_free' [-Wimplicit-function-declaration]
   86 |           ber_free(bep, 1);
      |           ^~~~~~~~
configure:32435: $? = 1
configure: failed program was:
| /* confdefs.h */
| #define PACKAGE_NAME "curl"
| #define PACKAGE_TARNAME "curl"
| #define PACKAGE_VERSION "-"
| #define PACKAGE_STRING "curl -"
| #define PACKAGE_BUGREPORT "a suitable curl mailing list: https://curl.se/mail/"
| #define PACKAGE_URL ""
| #define HAVE_STDIO_H 1
| #define HAVE_STDLIB_H 1
| #define HAVE_STRING_H 1
| #define HAVE_INTTYPES_H 1
| #define HAVE_STDINT_H 1
| #define HAVE_STRINGS_H 1
| #define HAVE_SYS_STAT_H 1
| #define HAVE_SYS_TYPES_H 1
| #define HAVE_UNISTD_H 1
| #define STDC_HEADERS 1
| #define HAVE_STDATOMIC_H 1
| #define HAVE_ATOMIC 1
| #define PACKAGE "curl"
| #define VERSION "-"
| #define CURL_OS "x86_64-pc-linux-gnu"
| #define HAVE_DLFCN_H 1
| #define LT_OBJDIR ".libs/"
| #define HAVE_LDAP_SSL 1
| #define HAVE_SYS_TYPES_H 1
| #define HAVE_CLOCK_GETTIME_MONOTONIC 1
| #define HAVE_SYS_TYPES_H 1
| #define HAVE_CLOCK_GETTIME_MONOTONIC_RAW 1
| #define HAVE_LIBZ 1
| #define USE_IPV6 1
| #define HAVE_SOCKADDR_IN6_SIN6_SCOPE_ID 1
| #define HAVE_WRITABLE_ARGV 1
| #define HAVE_LIBSSL 1
| #define HAVE_OPENSSL_RSA_H 1
| #define USE_OPENSSL 1
| #define HAVE_OPENSSL_CRYPTO_H 1
| #define USE_OPENSSL 1
| #define HAVE_OPENSSL_PEM_H 1
| #define USE_OPENSSL 1
| #define HAVE_OPENSSL_SSL_H 1
| #define USE_OPENSSL 1
| #define HAVE_OPENSSL_ERR_H 1
| #define USE_OPENSSL 1
| #define HAVE_SSL_SET_QUIC_TLS_CBS 1
| #define HAVE_DES_ECB_ENCRYPT 1
| #define HAVE_OPENSSL_SRP 1
| #define CURL_CA_BUNDLE "/etc/ssl/certs/ca-certificates.crt"
| #define CURL_CA_PATH "/etc/ssl/certs"
| #define HAVE_LIBPSL_H 1
| #define USE_LIBPSL 1
| /* end confdefs.h.  */
| 
| 
|           #undef inline
|           #ifdef _WIN32
|           #ifndef WIN32_LEAN_AND_MEAN
|           #define WIN32_LEAN_AND_MEAN
|           #endif
|           #include <windows.h>
|           #else
|           #ifdef HAVE_SYS_TYPES_H
|           #include <sys/types.h>
|           #endif
|           #endif
|           #ifndef NULL
|           #define NULL (void *)0
|           #endif
|           #ifndef LDAP_DEPRECATED
|           #define LDAP_DEPRECATED 1
|           #endif
|           #ifdef NEED_LBER_H
|           #include <lber.h>
|           #endif
|           #ifdef HAVE_LDAP_H
|           #include <ldap.h>
|           #endif
| 
| int main(void)
| {
| 
|           BerValue *bvp = NULL;
|           BerElement *bep = ber_init(bvp);
|           LDAP *ldp = ldap_init("0.0.0.0", LDAP_PORT);
|           int res = ldap_unbind(ldp);
|           ber_free(bep, 1);
|           (void)res;
| 
|   return 0;
| }
| 
configure:32435: gcc -o conftest -Werror-implicit-function-declaration -O2 -Wno-system-headers  -D_GNU_SOURCE        conftest.c -lpsl -lssl -lcrypto -lssl -lcrypto -lz  >&5
conftest.c: In function 'main':
conftest.c:82:11: error: unknown type name 'BerValue'
   82 |           BerValue *bvp = NULL;
      |           ^~~~~~~~
conftest.c:83:11: error: unknown type name 'BerElement'
   83 |           BerElement *bep = ber_init(bvp);
      |           ^~~~~~~~~~
conftest.c:83:29: error: implicit declaration of function 'ber_init' [-Wimplicit-function-declaration]
   83 |           BerElement *bep = ber_init(bvp);
      |                             ^~~~~~~~
conftest.c:83:29: error: initialization of 'int *' from 'int' makes pointer from integer without a cast [-Wint-conversion]
conftest.c:84:11: error: unknown type name 'LDAP'
   84 |           LDAP *ldp = ldap_init("0.0.0.0", LDAP_PORT);
      |           ^~~~
conftest.c:84:23: error: implicit declaration of function 'ldap_init' [-Wimplicit-function-declaration]
   84 |           LDAP *ldp = ldap_init("0.0.0.0", LDAP_PORT);
      |                       ^~~~~~~~~
conftest.c:84:44: error: 'LDAP_PORT' undeclared (first use in this function)
   84 |           LDAP *ldp = ldap_init("0.0.0.0", LDAP_PORT);
      |                                            ^~~~~~~~~
conftest.c:84:44: note: each undeclared identifier is reported only once for each function it appears in
conftest.c:85:21: error: implicit declaration of function 'ldap_unbind' [-Wimplicit-function-declaration]
   85 |           int res = ldap_unbind(ldp);
      |                     ^~~~~~~~~~~
conftest.c:86:11: error: implicit declaration of function 'ber_free' [-Wimplicit-function-declaration]
   86 |           ber_free(bep, 1);
      |           ^~~~~~~~
configure:32435: $? = 1
configure: failed program was:
| /* confdefs.h */
| #define PACKAGE_NAME "curl"
| #define PACKAGE_TARNAME "curl"
| #define PACKAGE_VERSION "-"
| #define PACKAGE_STRING "curl -"
| #define PACKAGE_BUGREPORT "a suitable curl mailing list: https://curl.se/mail/"
| #define PACKAGE_URL ""
| #define HAVE_STDIO_H 1
| #define HAVE_STDLIB_H 1
| #define HAVE_STRING_H 1
| #define HAVE_INTTYPES_H 1
| #define HAVE_STDINT_H 1
| #define HAVE_STRINGS_H 1
| #define HAVE_SYS_STAT_H 1
| #define HAVE_SYS_TYPES_H 1
| #define HAVE_UNISTD_H 1
| #define STDC_HEADERS 1
| #define HAVE_STDATOMIC_H 1
| #define HAVE_ATOMIC 1
| #define PACKAGE "curl"
| #define VERSION "-"
| #define CURL_OS "x86_64-pc-linux-gnu"
| #define HAVE_DLFCN_H 1
| #define LT_OBJDIR ".libs/"
| #define HAVE_LDAP_SSL 1
| #define HAVE_SYS_TYPES_H 1
| #define HAVE_CLOCK_GETTIME_MONOTONIC 1
| #define HAVE_SYS_TYPES_H 1
| #define HAVE_CLOCK_GETTIME_MONOTONIC_RAW 1
| #define HAVE_LIBZ 1
| #define USE_IPV6 1
| #define HAVE_SOCKADDR_IN6_SIN6_SCOPE_ID 1
| #define HAVE_WRITABLE_ARGV 1
| #define HAVE_LIBSSL 1
| #define HAVE_OPENSSL_RSA_H 1
| #define USE_OPENSSL 1
| #define HAVE_OPENSSL_CRYPTO_H 1
| #define USE_OPENSSL 1
| #define HAVE_OPENSSL_PEM_H 1
| #define USE_OPENSSL 1
| #define HAVE_OPENSSL_SSL_H 1
| #define USE_OPENSSL 1
| #define HAVE_OPENSSL_ERR_H 1
| #define USE_OPENSSL 1
| #define HAVE_SSL_SET_QUIC_TLS_CBS 1
| #define HAVE_DES_ECB_ENCRYPT 1
| #define HAVE_OPENSSL_SRP 1
| #define CURL_CA_BUNDLE "/etc/ssl/certs/ca-certificates.crt"
| #define CURL_CA_PATH "/etc/ssl/certs"
| #define HAVE_LIBPSL_H 1
| #define USE_LIBPSL 1
| /* end confdefs.h.  */
| 
| 
|           #undef inline
|           #ifdef _WIN32
|           #ifndef WIN32_LEAN_AND_MEAN
|           #define WIN32_LEAN_AND_MEAN
|           #endif
|           #include <windows.h>
|           #else
|           #ifdef HAVE_SYS_TYPES_H
|           #include <sys/types.h>
|           #endif
|           #endif
|           #ifndef NULL
|           #define NULL (void *)0
|           #endif
|           #ifndef LDAP_DEPRECATED
|           #define LDAP_DEPRECATED 1
|           #endif
|           #ifdef NEED_LBER_H
|           #include <lber.h>
|           #endif
|           #ifdef HAVE_LDAP_H
|           #include <ldap.h>
|           #endif
| 
| int main(void)
| {
| 
|           BerValue *bvp = NULL;
|           BerElement *bep = ber_init(bvp);
|           LDAP *ldp = ldap_init("0.0.0.0", LDAP_PORT);
|           int res = ldap_unbind(ldp);
|           ber_free(bep, 1);
|           (void)res;
| 
|   return 0;
| }
| 
configure:32435: gcc -o conftest -Werror-implicit-function-declaration -O2 -Wno-system-headers  -D_GNU_SOURCE        conftest.c -lldap -lpsl -lssl -lcrypto -lssl -lcrypto -lz  >&5
conftest.c: In function 'main':
conftest.c:82:11: error: unknown type name 'BerValue'
   82 |           BerValue *bvp = NULL;
      |           ^~~~~~~~
conftest.c:83:11: error: unknown type name 'BerElement'
   83 |           BerElement *bep = ber_init(bvp);
      |           ^~~~~~~~~~
conftest.c:83:29: error: implicit declaration of function 'ber_init' [-Wimplicit-function-declaration]
   83 |           BerElement *bep = ber_init(bvp);
      |                             ^~~~~~~~
conftest.c:83:29: error: initialization of 'int *' from 'int' makes pointer from integer without a cast [-Wint-conversion]
conftest.c:84:11: error: unknown type name 'LDAP'
   84 |           LDAP *ldp = ldap_init("0.0.0.0", LDAP_PORT);
      |           ^~~~
conftest.c:84:23: error: implicit declaration of function 'ldap_init' [-Wimplicit-function-declaration]
   84 |           LDAP *ldp = ldap_init("0.0.0.0", LDAP_PORT);
      |                       ^~~~~~~~~
conftest.c:84:44: error: 'LDAP_PORT' undeclared (first use in this function)
   84 |           LDAP *ldp = ldap_init("0.0.0.0", LDAP_PORT);
      |                                            ^~~~~~~~~
conftest.c:84:44: note: each undeclared identifier is reported only once for each function it appears in
conftest.c:85:21: error: implicit declaration of function 'ldap_unbind' [-Wimplicit-function-declaration]
   85 |           int res = ldap_unbind(ldp);
      |                     ^~~~~~~~~~~
conftest.c:86:11: error: implicit declaration of function 'ber_free' [-Wimplicit-function-declaration]
   86 |           ber_free(bep, 1);
      |           ^~~~~~~~
configure:32435: $? = 1
configure: failed program was:
| /* confdefs.h */
| #define PACKAGE_NAME "curl"
| #define PACKAGE_TARNAME "curl"
| #define PACKAGE_VERSION "-"
| #define PACKAGE_STRING "curl -"
| #define PACKAGE_BUGREPORT "a suitable curl mailing list: https://curl.se/mail/"
| #define PACKAGE_URL ""
| #define HAVE_STDIO_H 1
| #define HAVE_STDLIB_H 1
| #define HAVE_STRING_H 1
| #define HAVE_INTTYPES_H 1
| #define HAVE_STDINT_H 1
| #define HAVE_STRINGS_H 1
| #define HAVE_SYS_STAT_H 1
| #define HAVE_SYS_TYPES_H 1
| #define HAVE_UNISTD_H 1
| #define STDC_HEADERS 1
| #define HAVE_STDATOMIC_H 1
| #define HAVE_ATOMIC 1
| #define PACKAGE "curl"
| #define VERSION "-"
| #define CURL_OS "x86_64-pc-linux-gnu"
| #define HAVE_DLFCN_H 1
| #define LT_OBJDIR ".libs/"
| #define HAVE_LDAP_SSL 1
| #define HAVE_SYS_TYPES_H 1
| #define HAVE_CLOCK_GETTIME_MONOTONIC 1
| #define HAVE_SYS_TYPES_H 1
| #define HAVE_CLOCK_GETTIME_MONOTONIC_RAW 1
| #define HAVE_LIBZ 1
| #define USE_IPV6 1
| #define HAVE_SOCKADDR_IN6_SIN6_SCOPE_ID 1
| #define HAVE_WRITABLE_ARGV 1
| #define HAVE_LIBSSL 1
| #define HAVE_OPENSSL_RSA_H 1
| #define USE_OPENSSL 1
| #define HAVE_OPENSSL_CRYPTO_H 1
| #define USE_OPENSSL 1
| #define HAVE_OPENSSL_PEM_H 1
| #define USE_OPENSSL 1
| #define HAVE_OPENSSL_SSL_H 1
| #define USE_OPENSSL 1
| #define HAVE_OPENSSL_ERR_H 1
| #define USE_OPENSSL 1
| #define HAVE_SSL_SET_QUIC_TLS_CBS 1
| #define HAVE_DES_ECB_ENCRYPT 1
| #define HAVE_OPENSSL_SRP 1
| #define CURL_CA_BUNDLE "/etc/ssl/certs/ca-certificates.crt"
| #define CURL_CA_PATH "/etc/ssl/certs"
| #define HAVE_LIBPSL_H 1
| #define USE_LIBPSL 1
| /* end confdefs.h.  */
| 
| 
|           #undef inline
|           #ifdef _WIN32
|           #ifndef WIN32_LEAN_AND_MEAN
|           #define WIN32_LEAN_AND_MEAN
|           #endif
|           #include <windows.h>
|           #else
|           #ifdef HAVE_SYS_TYPES_H
|           #include <sys/types.h>
|           #endif
|           #endif
|           #ifndef NULL
|           #define NULL (void *)0
|           #endif
|           #ifndef LDAP_DEPRECATED
|           #define LDAP_DEPRECATED 1
|           #endif
|           #ifdef NEED_LBER_H
|           #include <lber.h>
|           #endif
|           #ifdef HAVE_LDAP_H
|           #include <ldap.h>
|           #endif
| 
| int main(void)
| {
| 
|           BerValue *bvp = NULL;
|           BerElement *bep = ber_init(bvp);
|           LDAP *ldp = ldap_init("0.0.0.0", LDAP_PORT);
|           int res = ldap_unbind(ldp);
|           ber_free(bep, 1);
|           (void)res;
| 
|   return 0;
| }
| 
configure:32435: gcc -o conftest -Werror-implicit-function-declaration -O2 -Wno-system-headers  -D_GNU_SOURCE        conftest.c -lldap -llber -lpsl -lssl -lcrypto -lssl -lcrypto -lz  >&5
conftest.c: In function 'main':
conftest.c:82:11: error: unknown type name 'BerValue'
   82 |           BerValue *bvp = NULL;
      |           ^~~~~~~~
conftest.c:83:11: error: unknown type name 'BerElement'
   83 |           BerElement *bep = ber_init(bvp);
      |           ^~~~~~~~~~
conftest.c:83:29: error: implicit declaration of function 'ber_init' [-Wimplicit-function-declaration]
   83 |           BerElement *bep = ber_init(bvp);
      |                             ^~~~~~~~
conftest.c:83:29: error: initialization of 'int *' from 'int' makes pointer from integer without a cast [-Wint-conversion]
conftest.c:84:11: error: unknown type name 'LDAP'
   84 |           LDAP *ldp = ldap_init("0.0.0.0", LDAP_PORT);
      |           ^~~~
conftest.c:84:23: error: implicit declaration of function 'ldap_init' [-Wimplicit-function-declaration]
   84 |           LDAP *ldp = ldap_init("0.0.0.0", LDAP_PORT);
      |                       ^~~~~~~~~
conftest.c:84:44: error: 'LDAP_PORT' undeclared (first use in this function)
   84 |           LDAP *ldp = ldap_init("0.0.0.0", LDAP_PORT);
      |                                            ^~~~~~~~~
conftest.c:84:44: note: each undeclared identifier is reported only once for each function it appears in
conftest.c:85:21: error: implicit declaration of function 'ldap_unbind' [-Wimplicit-function-declaration]
   85 |           int res = ldap_unbind(ldp);
      |                     ^~~~~~~~~~~
conftest.c:86:11: error: implicit declaration of function 'ber_free' [-Wimplicit-function-declaration]
   86 |           ber_free(bep, 1);
      |           ^~~~~~~~
configure:32435: $? = 1
configure: failed program was:
| /* confdefs.h */
| #define PACKAGE_NAME "curl"
| #define PACKAGE_TARNAME "curl"
| #define PACKAGE_VERSION "-"
| #define PACKAGE_STRING "curl -"
| #define PACKAGE_BUGREPORT "a suitable curl mailing list: https://curl.se/mail/"
| #define PACKAGE_URL ""
| #define HAVE_STDIO_H 1
| #define HAVE_STDLIB_H 1
| #define HAVE_STRING_H 1
| #define HAVE_INTTYPES_H 1
| #define HAVE_STDINT_H 1
| #define HAVE_STRINGS_H 1
| #define HAVE_SYS_STAT_H 1
| #define HAVE_SYS_TYPES_H 1
| #define HAVE_UNISTD_H 1
| #define STDC_HEADERS 1
| #define HAVE_STDATOMIC_H 1
| #define HAVE_ATOMIC 1
| #define PACKAGE "curl"
| #define VERSION "-"
| #define CURL_OS "x86_64-pc-linux-gnu"
| #define HAVE_DLFCN_H 1
| #define LT_OBJDIR ".libs/"
| #define HAVE_LDAP_SSL 1
| #define HAVE_SYS_TYPES_H 1
| #define HAVE_CLOCK_GETTIME_MONOTONIC 1
| #define HAVE_SYS_TYPES_H 1
| #define HAVE_CLOCK_GETTIME_MONOTONIC_RAW 1
| #define HAVE_LIBZ 1
| #define USE_IPV6 1
| #define HAVE_SOCKADDR_IN6_SIN6_SCOPE_ID 1
| #define HAVE_WRITABLE_ARGV 1
| #define HAVE_LIBSSL 1
| #define HAVE_OPENSSL_RSA_H 1
| #define USE_OPENSSL 1
| #define HAVE_OPENSSL_CRYPTO_H 1
| #define USE_OPENSSL 1
| #define HAVE_OPENSSL_PEM_H 1
| #define USE_OPENSSL 1
| #define HAVE_OPENSSL_SSL_H 1
| #define USE_OPENSSL 1
| #define HAVE_OPENSSL_ERR_H 1
| #define USE_OPENSSL 1
| #define HAVE_SSL_SET_QUIC_TLS_CBS 1
| #define HAVE_DES_ECB_ENCRYPT 1
| #define HAVE_OPENSSL_SRP 1
| #define CURL_CA_BUNDLE "/etc/ssl/certs/ca-certificates.crt"
| #define CURL_CA_PATH "/etc/ssl/certs"
| #define HAVE_LIBPSL_H 1
| #define USE_LIBPSL 1
| /* end confdefs.h.  */
| 
| 
|           #undef inline
|           #ifdef _WIN32
|           #ifndef WIN32_LEAN_AND_MEAN
|           #define WIN32_LEAN_AND_MEAN
|           #endif
|           #include <windows.h>
|           #else
|           #ifdef HAVE_SYS_TYPES_H
|           #include <sys/types.h>
|           #endif
|           #endif
|           #ifndef NULL
|           #define NULL (void *)0
|           #endif
|           #ifndef LDAP_DEPRECATED
|           #define LDAP_DEPRECATED 1
|           #endif
|           #ifdef NEED_LBER_H
|           #include <lber.h>
|           #endif
|           #ifdef HAVE_LDAP_H
|           #include <ldap.h>
|           #endif
| 
| int main(void)
| {
| 
|           BerValue *bvp = NULL;
|           BerElement *bep = ber_init(bvp);
|           LDAP *ldp = ldap_init("0.0.0.0", LDAP_PORT);
|           int res = ldap_unbind(ldp);
|           ber_free(bep, 1);
|           (void)res;
| 
|   return 0;
| }
| 
configure:32435: gcc -o conftest -Werror-implicit-function-declaration -O2 -Wno-system-headers  -D_GNU_SOURCE        conftest.c -llber -lldap -lpsl -lssl -lcrypto -lssl -lcrypto -lz  >&5
conftest.c: In function 'main':
conftest.c:82:11: error: unknown type name 'BerValue'
   82 |           BerValue *bvp = NULL;
      |           ^~~~~~~~
conftest.c:83:11: error: unknown type name 'BerElement'
   83 |           BerElement *bep = ber_init(bvp);
      |           ^~~~~~~~~~
conftest.c:83:29: error: implicit declaration of function 'ber_init' [-Wimplicit-function-declaration]
   83 |           BerElement *bep = ber_init(bvp);
      |                             ^~~~~~~~
conftest.c:83:29: error: initialization of 'int *' from 'int' makes pointer from integer without a cast [-Wint-conversion]
conftest.c:84:11: error: unknown type name 'LDAP'
   84 |           LDAP *ldp = ldap_init("0.0.0.0", LDAP_PORT);
      |           ^~~~
conftest.c:84:23: error: implicit declaration of function 'ldap_init' [-Wimplicit-function-declaration]
   84 |           LDAP *ldp = ldap_init("0.0.0.0", LDAP_PORT);
      |                       ^~~~~~~~~
conftest.c:84:44: error: 'LDAP_PORT' undeclared (first use in this function)
   84 |           LDAP *ldp = ldap_init("0.0.0.0", LDAP_PORT);
      |                                            ^~~~~~~~~
conftest.c:84:44: note: each undeclared identifier is reported only once for each function it appears in
conftest.c:85:21: error: implicit declaration of function 'ldap_unbind' [-Wimplicit-function-declaration]
   85 |           int res = ldap_unbind(ldp);
      |                     ^~~~~~~~~~~
conftest.c:86:11: error: implicit declaration of function 'ber_free' [-Wimplicit-function-declaration]
   86 |           ber_free(bep, 1);
      |           ^~~~~~~~
configure:32435: $? = 1
configure: failed program was:
| /* confdefs.h */
| #define PACKAGE_NAME "curl"
| #define PACKAGE_TARNAME "curl"
| #define PACKAGE_VERSION "-"
| #define PACKAGE_STRING "curl -"
| #define PACKAGE_BUGREPORT "a suitable curl mailing list: https://curl.se/mail/"
| #define PACKAGE_URL ""
| #define HAVE_STDIO_H 1
| #define HAVE_STDLIB_H 1
| #define HAVE_STRING_H 1
| #define HAVE_INTTYPES_H 1
| #define HAVE_STDINT_H 1
| #define HAVE_STRINGS_H 1
| #define HAVE_SYS_STAT_H 1
| #define HAVE_SYS_TYPES_H 1
| #define HAVE_UNISTD_H 1
| #define STDC_HEADERS 1
| #define HAVE_STDATOMIC_H 1
| #define HAVE_ATOMIC 1
| #define PACKAGE "curl"
| #define VERSION "-"
| #define CURL_OS "x86_64-pc-linux-gnu"
| #define HAVE_DLFCN_H 1
| #define LT_OBJDIR ".libs/"
| #define HAVE_LDAP_SSL 1
| #define HAVE_SYS_TYPES_H 1
| #define HAVE_CLOCK_GETTIME_MONOTONIC 1
| #define HAVE_SYS_TYPES_H 1
| #define HAVE_CLOCK_GETTIME_MONOTONIC_RAW 1
| #define HAVE_LIBZ 1
| #define USE_IPV6 1
| #define HAVE_SOCKADDR_IN6_SIN6_SCOPE_ID 1
| #define HAVE_WRITABLE_ARGV 1
| #define HAVE_LIBSSL 1
| #define HAVE_OPENSSL_RSA_H 1
| #define USE_OPENSSL 1
| #define HAVE_OPENSSL_CRYPTO_H 1
| #define USE_OPENSSL 1
| #define HAVE_OPENSSL_PEM_H 1
| #define USE_OPENSSL 1
| #define HAVE_OPENSSL_SSL_H 1
| #define USE_OPENSSL 1
| #define HAVE_OPENSSL_ERR_H 1
| #define USE_OPENSSL 1
| #define HAVE_SSL_SET_QUIC_TLS_CBS 1
| #define HAVE_DES_ECB_ENCRYPT 1
| #define HAVE_OPENSSL_SRP 1
| #define CURL_CA_BUNDLE "/etc/ssl/certs/ca-certificates.crt"
| #define CURL_CA_PATH "/etc/ssl/certs"
| #define HAVE_LIBPSL_H 1
| #define USE_LIBPSL 1
| /* end confdefs.h.  */
| 
| 
|           #undef inline
|           #ifdef _WIN32
|           #ifndef WIN32_LEAN_AND_MEAN
|           #define WIN32_LEAN_AND_MEAN
|           #endif
|           #include <windows.h>
|           #else
|           #ifdef HAVE_SYS_TYPES_H
|           #include <sys/types.h>
|           #endif
|           #endif
|           #ifndef NULL
|           #define NULL (void *)0
|           #endif
|           #ifndef LDAP_DEPRECATED
|           #define LDAP_DEPRECATED 1
|           #endif
|           #ifdef NEED_LBER_H
|           #include <lber.h>
|           #endif
|           #ifdef HAVE_LDAP_H
|           #include <ldap.h>
|           #endif
| 
| int main(void)
| {
| 
|           BerValue *bvp = NULL;
|           BerElement *bep = ber_init(bvp);
|           LDAP *ldp = ldap_init("0.0.0.0", LDAP_PORT);
|           int res = ldap_unbind(ldp);
|           ber_free(bep, 1);
|           (void)res;
| 
|   return 0;
| }
| 
configure:32435: gcc -o conftest -Werror-implicit-function-declaration -O2 -Wno-system-headers  -D_GNU_SOURCE        conftest.c -lldapssl -lldapx -lldapsdk -lpsl -lssl -lcrypto -lssl -lcrypto -lz  >&5
conftest.c: In function 'main':
conftest.c:82:11: error: unknown type name 'BerValue'
   82 |           BerValue *bvp = NULL;
      |           ^~~~~~~~
conftest.c:83:11: error: unknown type name 'BerElement'
   83 |           BerElement *bep = ber_init(bvp);
      |           ^~~~~~~~~~
conftest.c:83:29: error: implicit declaration of function 'ber_init' [-Wimplicit-function-declaration]
   83 |           BerElement *bep = ber_init(bvp);
      |                             ^~~~~~~~
conftest.c:83:29: error: initialization of 'int *' from 'int' makes pointer from integer without a cast [-Wint-conversion]
conftest.c:84:11: error: unknown type name 'LDAP'
   84 |           LDAP *ldp = ldap_init("0.0.0.0", LDAP_PORT);
      |           ^~~~
conftest.c:84:23: error: implicit declaration of function 'ldap_init' [-Wimplicit-function-declaration]
   84 |           LDAP *ldp = ldap_init("0.0.0.0", LDAP_PORT);
      |                       ^~~~~~~~~
conftest.c:84:44: error: 'LDAP_PORT' undeclared (first use in this function)
   84 |           LDAP *ldp = ldap_init("0.0.0.0", LDAP_PORT);
      |                                            ^~~~~~~~~
conftest.c:84:44: note: each undeclared identifier is reported only once for each function it appears in
conftest.c:85:21: error: implicit declaration of function 'ldap_unbind' [-Wimplicit-function-declaration]
   85 |           int res = ldap_unbind(ldp);
      |                     ^~~~~~~~~~~
conftest.c:86:11: error: implicit declaration of function 'ber_free' [-Wimplicit-function-declaration]
   86 |           ber_free(bep, 1);
      |           ^~~~~~~~
configure:32435: $? = 1
configure: failed program was:
| /* confdefs.h */
| #define PACKAGE_NAME "curl"
| #define PACKAGE_TARNAME "curl"
| #define PACKAGE_VERSION "-"
| #define PACKAGE_STRING "curl -"
| #define PACKAGE_BUGREPORT "a suitable curl mailing list: https://curl.se/mail/"
| #define PACKAGE_URL ""
| #define HAVE_STDIO_H 1
| #define HAVE_STDLIB_H 1
| #define HAVE_STRING_H 1
| #define HAVE_INTTYPES_H 1
| #define HAVE_STDINT_H 1
| #define HAVE_STRINGS_H 1
| #define HAVE_SYS_STAT_H 1
| #define HAVE_SYS_TYPES_H 1
| #define HAVE_UNISTD_H 1
| #define STDC_HEADERS 1
| #define HAVE_STDATOMIC_H 1
| #define HAVE_ATOMIC 1
| #define PACKAGE "curl"
| #define VERSION "-"
| #define CURL_OS "x86_64-pc-linux-gnu"
| #define HAVE_DLFCN_H 1
| #define LT_OBJDIR ".libs/"
| #define HAVE_LDAP_SSL 1
| #define HAVE_SYS_TYPES_H 1
| #define HAVE_CLOCK_GETTIME_MONOTONIC 1
| #define HAVE_SYS_TYPES_H 1
| #define HAVE_CLOCK_GETTIME_MONOTONIC_RAW 1
| #define HAVE_LIBZ 1
| #define USE_IPV6 1
| #define HAVE_SOCKADDR_IN6_SIN6_SCOPE_ID 1
| #define HAVE_WRITABLE_ARGV 1
| #define HAVE_LIBSSL 1
| #define HAVE_OPENSSL_RSA_H 1
| #define USE_OPENSSL 1
| #define HAVE_OPENSSL_CRYPTO_H 1
| #define USE_OPENSSL 1
| #define HAVE_OPENSSL_PEM_H 1
| #define USE_OPENSSL 1
| #define HAVE_OPENSSL_SSL_H 1
| #define USE_OPENSSL 1
| #define HAVE_OPENSSL_ERR_H 1
| #define USE_OPENSSL 1
| #define HAVE_SSL_SET_QUIC_TLS_CBS 1
| #define HAVE_DES_ECB_ENCRYPT 1
| #define HAVE_OPENSSL_SRP 1
| #define CURL_CA_BUNDLE "/etc/ssl/certs/ca-certificates.crt"
| #define CURL_CA_PATH "/etc/ssl/certs"
| #define HAVE_LIBPSL_H 1
| #define USE_LIBPSL 1
| /* end confdefs.h.  */
| 
| 
|           #undef inline
|           #ifdef _WIN32
|           #ifndef WIN32_LEAN_AND_MEAN
|           #define WIN32_LEAN_AND_MEAN
|           #endif
|           #include <windows.h>
|           #else
|           #ifdef HAVE_SYS_TYPES_H
|           #include <sys/types.h>
|           #endif
|           #endif
|           #ifndef NULL
|           #define NULL (void *)0
|           #endif
|           #ifndef LDAP_DEPRECATED
|           #define LDAP_DEPRECATED 1
|           #endif
|           #ifdef NEED_LBER_H
|           #include <lber.h>
|           #endif
|           #ifdef HAVE_LDAP_H
|           #include <ldap.h>
|           #endif
| 
| int main(void)
| {
| 
|           BerValue *bvp = NULL;
|           BerElement *bep = ber_init(bvp);
|           LDAP *ldp = ldap_init("0.0.0.0", LDAP_PORT);
|           int res = ldap_unbind(ldp);
|           ber_free(bep, 1);
|           (void)res;
| 
|   return 0;
| }
| 
configure:32435: gcc -o conftest -Werror-implicit-function-declaration -O2 -Wno-system-headers  -D_GNU_SOURCE        conftest.c -lldapsdk -lldapx -lldapssl -lpsl -lssl -lcrypto -lssl -lcrypto -lz  >&5
conftest.c: In function 'main':
conftest.c:82:11: error: unknown type name 'BerValue'
   82 |           BerValue *bvp = NULL;
      |           ^~~~~~~~
conftest.c:83:11: error: unknown type name 'BerElement'
   83 |           BerElement *bep = ber_init(bvp);
      |           ^~~~~~~~~~
conftest.c:83:29: error: implicit declaration of function 'ber_init' [-Wimplicit-function-declaration]
   83 |           BerElement *bep = ber_init(bvp);
      |                             ^~~~~~~~
conftest.c:83:29: error: initialization of 'int *' from 'int' makes pointer from integer without a cast [-Wint-conversion]
conftest.c:84:11: error: unknown type name 'LDAP'
   84 |           LDAP *ldp = ldap_init("0.0.0.0", LDAP_PORT);
      |           ^~~~
conftest.c:84:23: error: implicit declaration of function 'ldap_init' [-Wimplicit-function-declaration]
   84 |           LDAP *ldp = ldap_init("0.0.0.0", LDAP_PORT);
      |                       ^~~~~~~~~
conftest.c:84:44: error: 'LDAP_PORT' undeclared (first use in this function)
   84 |           LDAP *ldp = ldap_init("0.0.0.0", LDAP_PORT);
      |                                            ^~~~~~~~~
conftest.c:84:44: note: each undeclared identifier is reported only once for each function it appears in
conftest.c:85:21: error: implicit declaration of function 'ldap_unbind' [-Wimplicit-function-declaration]
   85 |           int res = ldap_unbind(ldp);
      |                     ^~~~~~~~~~~
conftest.c:86:11: error: implicit declaration of function 'ber_free' [-Wimplicit-function-declaration]
   86 |           ber_free(bep, 1);
      |           ^~~~~~~~
configure:32435: $? = 1
configure: failed program was:
| /* confdefs.h */
| #define PACKAGE_NAME "curl"
| #define PACKAGE_TARNAME "curl"
| #define PACKAGE_VERSION "-"
| #define PACKAGE_STRING "curl -"
| #define PACKAGE_BUGREPORT "a suitable curl mailing list: https://curl.se/mail/"
| #define PACKAGE_URL ""
| #define HAVE_STDIO_H 1
| #define HAVE_STDLIB_H 1
| #define HAVE_STRING_H 1
| #define HAVE_INTTYPES_H 1
| #define HAVE_STDINT_H 1
| #define HAVE_STRINGS_H 1
| #define HAVE_SYS_STAT_H 1
| #define HAVE_SYS_TYPES_H 1
| #define HAVE_UNISTD_H 1
| #define STDC_HEADERS 1
| #define HAVE_STDATOMIC_H 1
| #define HAVE_ATOMIC 1
| #define PACKAGE "curl"
| #define VERSION "-"
| #define CURL_OS "x86_64-pc-linux-gnu"
| #define HAVE_DLFCN_H 1
| #define LT_OBJDIR ".libs/"
| #define HAVE_LDAP_SSL 1
| #define HAVE_SYS_TYPES_H 1
| #define HAVE_CLOCK_GETTIME_MONOTONIC 1
| #define HAVE_SYS_TYPES_H 1
| #define HAVE_CLOCK_GETTIME_MONOTONIC_RAW 1
| #define HAVE_LIBZ 1
| #define USE_IPV6 1
| #define HAVE_SOCKADDR_IN6_SIN6_SCOPE_ID 1
| #define HAVE_WRITABLE_ARGV 1
| #define HAVE_LIBSSL 1
| #define HAVE_OPENSSL_RSA_H 1
| #define USE_OPENSSL 1
| #define HAVE_OPENSSL_CRYPTO_H 1
| #define USE_OPENSSL 1
| #define HAVE_OPENSSL_PEM_H 1
| #define USE_OPENSSL 1
| #define HAVE_OPENSSL_SSL_H 1
| #define USE_OPENSSL 1
| #define HAVE_OPENSSL_ERR_H 1
| #define USE_OPENSSL 1
| #define HAVE_SSL_SET_QUIC_TLS_CBS 1
| #define HAVE_DES_ECB_ENCRYPT 1
| #define HAVE_OPENSSL_SRP 1
| #define CURL_CA_BUNDLE "/etc/ssl/certs/ca-certificates.crt"
| #define CURL_CA_PATH "/etc/ssl/certs"
| #define HAVE_LIBPSL_H 1
| #define USE_LIBPSL 1
| /* end confdefs.h.  */
| 
| 
|           #undef inline
|           #ifdef _WIN32
|           #ifndef WIN32_LEAN_AND_MEAN
|           #define WIN32_LEAN_AND_MEAN
|           #endif
|           #include <windows.h>
|           #else
|           #ifdef HAVE_SYS_TYPES_H
|           #include <sys/types.h>
|           #endif
|           #endif
|           #ifndef NULL
|           #define NULL (void *)0
|           #endif
|           #ifndef LDAP_DEPRECATED
|           #define LDAP_DEPRECATED 1
|           #endif
|           #ifdef NEED_LBER_H
|           #include <lber.h>
|           #endif
|           #ifdef HAVE_LDAP_H
|           #include <ldap.h>
|           #endif
| 
| int main(void)
| {
| 
|           BerValue *bvp = NULL;
|           BerElement *bep = ber_init(bvp);
|           LDAP *ldp = ldap_init("0.0.0.0", LDAP_PORT);
|           int res = ldap_unbind(ldp);
|           ber_free(bep, 1);
|           (void)res;
| 
|   return 0;
| }
| 
configure:32435: gcc -o conftest -Werror-implicit-function-declaration -O2 -Wno-system-headers  -D_GNU_SOURCE        conftest.c -lldap -llber -lssl -lcrypto -lpsl -lssl -lcrypto -lssl -lcrypto -lz  >&5
conftest.c: In function 'main':
conftest.c:82:11: error: unknown type name 'BerValue'
   82 |           BerValue *bvp = NULL;
      |           ^~~~~~~~
conftest.c:83:11: error: unknown type name 'BerElement'
   83 |           BerElement *bep = ber_init(bvp);
      |           ^~~~~~~~~~
conftest.c:83:29: error: implicit declaration of function 'ber_init' [-Wimplicit-function-declaration]
   83 |           BerElement *bep = ber_init(bvp);
      |                             ^~~~~~~~
conftest.c:83:29: error: initialization of 'int *' from 'int' makes pointer from integer without a cast [-Wint-conversion]
conftest.c:84:11: error: unknown type name 'LDAP'
   84 |           LDAP *ldp = ldap_init("0.0.0.0", LDAP_PORT);
      |           ^~~~
conftest.c:84:23: error: implicit declaration of function 'ldap_init' [-Wimplicit-function-declaration]
   84 |           LDAP *ldp = ldap_init("0.0.0.0", LDAP_PORT);
      |                       ^~~~~~~~~
conftest.c:84:44: error: 'LDAP_PORT' undeclared (first use in this function)
   84 |           LDAP *ldp = ldap_init("0.0.0.0", LDAP_PORT);
      |                                            ^~~~~~~~~
conftest.c:84:44: note: each undeclared identifier is reported only once for each function it appears in
conftest.c:85:21: error: implicit declaration of function 'ldap_unbind' [-Wimplicit-function-declaration]
   85 |           int res = ldap_unbind(ldp);
      |                     ^~~~~~~~~~~
conftest.c:86:11: error: implicit declaration of function 'ber_free' [-Wimplicit-function-declaration]
   86 |           ber_free(bep, 1);
      |           ^~~~~~~~
configure:32435: $? = 1
configure: failed program was:
| /* confdefs.h */
| #define PACKAGE_NAME "curl"
| #define PACKAGE_TARNAME "curl"
| #define PACKAGE_VERSION "-"
| #define PACKAGE_STRING "curl -"
| #define PACKAGE_BUGREPORT "a suitable curl mailing list: https://curl.se/mail/"
| #define PACKAGE_URL ""
| #define HAVE_STDIO_H 1
| #define HAVE_STDLIB_H 1
| #define HAVE_STRING_H 1
| #define HAVE_INTTYPES_H 1
| #define HAVE_STDINT_H 1
| #define HAVE_STRINGS_H 1
| #define HAVE_SYS_STAT_H 1
| #define HAVE_SYS_TYPES_H 1
| #define HAVE_UNISTD_H 1
| #define STDC_HEADERS 1
| #define HAVE_STDATOMIC_H 1
| #define HAVE_ATOMIC 1
| #define PACKAGE "curl"
| #define VERSION "-"
| #define CURL_OS "x86_64-pc-linux-gnu"
| #define HAVE_DLFCN_H 1
| #define LT_OBJDIR ".libs/"
| #define HAVE_LDAP_SSL 1
| #define HAVE_SYS_TYPES_H 1
| #define HAVE_CLOCK_GETTIME_MONOTONIC 1
| #define HAVE_SYS_TYPES_H 1
| #define HAVE_CLOCK_GETTIME_MONOTONIC_RAW 1
| #define HAVE_LIBZ 1
| #define USE_IPV6 1
| #define HAVE_SOCKADDR_IN6_SIN6_SCOPE_ID 1
| #define HAVE_WRITABLE_ARGV 1
| #define HAVE_LIBSSL 1
| #define HAVE_OPENSSL_RSA_H 1
| #define USE_OPENSSL 1
| #define HAVE_OPENSSL_CRYPTO_H 1
| #define USE_OPENSSL 1
| #define HAVE_OPENSSL_PEM_H 1
| #define USE_OPENSSL 1
| #define HAVE_OPENSSL_SSL_H 1
| #define USE_OPENSSL 1
| #define HAVE_OPENSSL_ERR_H 1
| #define USE_OPENSSL 1
| #define HAVE_SSL_SET_QUIC_TLS_CBS 1
| #define HAVE_DES_ECB_ENCRYPT 1
| #define HAVE_OPENSSL_SRP 1
| #define CURL_CA_BUNDLE "/etc/ssl/certs/ca-certificates.crt"
| #define CURL_CA_PATH "/etc/ssl/certs"
| #define HAVE_LIBPSL_H 1
| #define USE_LIBPSL 1
| /* end confdefs.h.  */
| 
| 
|           #undef inline
|           #ifdef _WIN32
|           #ifndef WIN32_LEAN_AND_MEAN
|           #define WIN32_LEAN_AND_MEAN
|           #endif
|           #include <windows.h>
|           #else
|           #ifdef HAVE_SYS_TYPES_H
|           #include <sys/types.h>
|           #endif
|           #endif
|           #ifndef NULL
|           #define NULL (void *)0
|           #endif
|           #ifndef LDAP_DEPRECATED
|           #define LDAP_DEPRECATED 1
|           #endif
|           #ifdef NEED_LBER_H
|           #include <lber.h>
|           #endif
|           #ifdef HAVE_LDAP_H
|           #include <ldap.h>
|           #endif
| 
| int main(void)
| {
| 
|           BerValue *bvp = NULL;
|           BerElement *bep = ber_init(bvp);
|           LDAP *ldp = ldap_init("0.0.0.0", LDAP_PORT);
|           int res = ldap_unbind(ldp);
|           ber_free(bep, 1);
|           (void)res;
| 
|   return 0;
| }
| 
configure:32450: result: cannot find LDAP libraries
configure:32476: WARNING: Cannot find libraries for LDAP support: LDAP disabled
configure:32613: checking whether versioned symbols are wanted
configure:32662: result: no
configure:32845: checking whether to build with libidn2
configure:32873: result: (assumed) yes
configure:33237: checking for pkg-config
configure:33273: result: /usr/bin/pkg-config
configure:33298: checking for libidn2 options with pkg-config
configure:33314: result: no
configure:33437: IDN_LIBS: "-lidn2"
configure:33439: IDN_LDFLAGS: ""
configure:33441: IDN_CPPFLAGS: ""
configure:33443: IDN_DIR: ""
configure:33452: checking if idn2_lookup_ul can be linked
configure:33480: gcc -o conftest -Werror-implicit-function-declaration -O2 -Wno-system-headers  -D_GNU_SOURCE          conftest.c -lidn2 -lpsl -lssl -lcrypto -lssl -lcrypto -lz  >&5
/usr/bin/x86_64-linux-gnu-ld.bfd: cannot find -lidn2: No such file or directory
collect2: error: ld returned 1 exit status
configure:33480: $? = 1
configure: failed program was:
| /* confdefs.h */
| #define PACKAGE_NAME "curl"
| #define PACKAGE_TARNAME "curl"
| #define PACKAGE_VERSION "-"
| #define PACKAGE_STRING "curl -"
| #define PACKAGE_BUGREPORT "a suitable curl mailing list: https://curl.se/mail/"
| #define PACKAGE_URL ""
| #define HAVE_STDIO_H 1
| #define HAVE_STDLIB_H 1
| #define HAVE_STRING_H 1
| #define HAVE_INTTYPES_H 1
| #define HAVE_STDINT_H 1
| #define HAVE_STRINGS_H 1
| #define HAVE_SYS_STAT_H 1
| #define HAVE_SYS_TYPES_H 1
| #define HAVE_UNISTD_H 1
| #define STDC_HEADERS 1
| #define HAVE_STDATOMIC_H 1
| #define HAVE_ATOMIC 1
| #define PACKAGE "curl"
| #define VERSION "-"
| #define CURL_OS "x86_64-pc-linux-gnu"
| #define HAVE_DLFCN_H 1
| #define LT_OBJDIR ".libs/"
| #define HAVE_LDAP_SSL 1
| #define HAVE_SYS_TYPES_H 1
| #define HAVE_CLOCK_GETTIME_MONOTONIC 1
| #define HAVE_SYS_TYPES_H 1
| #define HAVE_CLOCK_GETTIME_MONOTONIC_RAW 1
| #define HAVE_LIBZ 1
| #define USE_IPV6 1
| #define HAVE_SOCKADDR_IN6_SIN6_SCOPE_ID 1
| #define HAVE_WRITABLE_ARGV 1
| #define HAVE_LIBSSL 1
| #define HAVE_OPENSSL_RSA_H 1
| #define USE_OPENSSL 1
| #define HAVE_OPENSSL_CRYPTO_H 1
| #define USE_OPENSSL 1
| #define HAVE_OPENSSL_PEM_H 1
| #define USE_OPENSSL 1
| #define HAVE_OPENSSL_SSL_H 1
| #define USE_OPENSSL 1
| #define HAVE_OPENSSL_ERR_H 1
| #define USE_OPENSSL 1
| #define HAVE_SSL_SET_QUIC_TLS_CBS 1
| #define HAVE_DES_ECB_ENCRYPT 1
| #define HAVE_OPENSSL_SRP 1
| #define CURL_CA_BUNDLE "/etc/ssl/certs/ca-certificates.crt"
| #define CURL_CA_PATH "/etc/ssl/certs"
| #define HAVE_LIBPSL_H 1
| #define USE_LIBPSL 1
| #define CURL_DISABLE_LDAP 1
| #define CURL_DISABLE_LDAPS 1
| /* end confdefs.h.  */
| 
| 
| #define idn2_lookup_ul innocuous_idn2_lookup_ul
| #ifdef __STDC__
| #  include <limits.h>
| #else
| #  include <assert.h>
| #endif
| #undef idn2_lookup_ul
| #ifdef __cplusplus
| extern "C"
| #endif
| char idn2_lookup_ul ();
| #if defined __stub_idn2_lookup_ul || defined __stub___idn2_lookup_ul
| #error force compilation error
| #endif
| 
| int main(void)
| {
| return idn2_lookup_ul ();
|   return 0;
| }
| 
configure:33489: result: no
configure:33497: checking for idn2.h
configure:33497: gcc -c -Werror-implicit-function-declaration -O2 -Wno-system-headers  -D_GNU_SOURCE     conftest.c >&5
conftest.c:83:10: fatal error: idn2.h: No such file or directory
   83 | #include <idn2.h>
      |          ^~~~~~~~
compilation terminated.
configure:33497: $? = 1
configure: failed program was:
| /* confdefs.h */
| #define PACKAGE_NAME "curl"
| #define PACKAGE_TARNAME "curl"
| #define PACKAGE_VERSION "-"
| #define PACKAGE_STRING "curl -"
| #define PACKAGE_BUGREPORT "a suitable curl mailing list: https://curl.se/mail/"
| #define PACKAGE_URL ""
| #define HAVE_STDIO_H 1
| #define HAVE_STDLIB_H 1
| #define HAVE_STRING_H 1
| #define HAVE_INTTYPES_H 1
| #define HAVE_STDINT_H 1
| #define HAVE_STRINGS_H 1
| #define HAVE_SYS_STAT_H 1
| #define HAVE_SYS_TYPES_H 1
| #define HAVE_UNISTD_H 1
| #define STDC_HEADERS 1
| #define HAVE_STDATOMIC_H 1
| #define HAVE_ATOMIC 1
| #define PACKAGE "curl"
| #define VERSION "-"
| #define CURL_OS "x86_64-pc-linux-gnu"
| #define HAVE_DLFCN_H 1
| #define LT_OBJDIR ".libs/"
| #define HAVE_LDAP_SSL 1
| #define HAVE_SYS_TYPES_H 1
| #define HAVE_CLOCK_GETTIME_MONOTONIC 1
| #define HAVE_SYS_TYPES_H 1
| #define HAVE_CLOCK_GETTIME_MONOTONIC_RAW 1
| #define HAVE_LIBZ 1
| #define USE_IPV6 1
| #define HAVE_SOCKADDR_IN6_SIN6_SCOPE_ID 1
| #define HAVE_WRITABLE_ARGV 1
| #define HAVE_LIBSSL 1
| #define HAVE_OPENSSL_RSA_H 1
| #define USE_OPENSSL 1
| #define HAVE_OPENSSL_CRYPTO_H 1
| #define USE_OPENSSL 1
| #define HAVE_OPENSSL_PEM_H 1
| #define USE_OPENSSL 1
| #define HAVE_OPENSSL_SSL_H 1
| #define USE_OPENSSL 1
| #define HAVE_OPENSSL_ERR_H 1
| #define USE_OPENSSL 1
| #define HAVE_SSL_SET_QUIC_TLS_CBS 1
| #define HAVE_DES_ECB_ENCRYPT 1
| #define HAVE_OPENSSL_SRP 1
| #define CURL_CA_BUNDLE "/etc/ssl/certs/ca-certificates.crt"
| #define CURL_CA_PATH "/etc/ssl/certs"
| #define HAVE_LIBPSL_H 1
| #define USE_LIBPSL 1
| #define CURL_DISABLE_LDAP 1
| #define CURL_DISABLE_LDAPS 1
| /* end confdefs.h.  */
| #include <stddef.h>
| #ifdef HAVE_STDIO_H
| # include <stdio.h>
| #endif
| #ifdef HAVE_STDLIB_H
| # include <stdlib.h>
| #endif
| #ifdef HAVE_STRING_H
| # include <string.h>
| #endif
| #ifdef HAVE_INTTYPES_H
| # include <inttypes.h>
| #endif
| #ifdef HAVE_STDINT_H
| # include <stdint.h>
| #endif
| #ifdef HAVE_STRINGS_H
| # include <strings.h>
| #endif
| #ifdef HAVE_SYS_TYPES_H
| # include <sys/types.h>
| #endif
| #ifdef HAVE_SYS_STAT_H
| # include <sys/stat.h>
| #endif
| #ifdef HAVE_UNISTD_H
| # include <unistd.h>
| #endif
| #include <idn2.h>
configure:33497: result: no
configure:33520: WARNING: Cannot find libidn2
configure:33622: checking for pkg-config
configure:33658: result: /usr/bin/pkg-config
configure:33683: checking for libnghttp2 options with pkg-config
configure:33699: result: no
configure:33866: checking for nghttp2_session_get_stream_local_window_size in -lnghttp2
configure:33888: gcc -o conftest -Werror-implicit-function-declaration -O2 -Wno-system-headers  -D_GNU_SOURCE          conftest.c -lnghttp2  -lnghttp2 -lpsl -lssl -lcrypto -lssl -lcrypto -lz  >&5
/usr/bin/x86_64-linux-gnu-ld.bfd: cannot find -lnghttp2: No such file or directory
/usr/bin/x86_64-linux-gnu-ld.bfd: cannot find -lnghttp2: No such file or directory
collect2: error: ld returned 1 exit status
configure:33888: $? = 1
configure: failed program was:
| /* confdefs.h */
| #define PACKAGE_NAME "curl"
| #define PACKAGE_TARNAME "curl"
| #define PACKAGE_VERSION "-"
| #define PACKAGE_STRING "curl -"
| #define PACKAGE_BUGREPORT "a suitable curl mailing list: https://curl.se/mail/"
| #define PACKAGE_URL ""
| #define HAVE_STDIO_H 1
| #define HAVE_STDLIB_H 1
| #define HAVE_STRING_H 1
| #define HAVE_INTTYPES_H 1
| #define HAVE_STDINT_H 1
| #define HAVE_STRINGS_H 1
| #define HAVE_SYS_STAT_H 1
| #define HAVE_SYS_TYPES_H 1
| #define HAVE_UNISTD_H 1
| #define STDC_HEADERS 1
| #define HAVE_STDATOMIC_H 1
| #define HAVE_ATOMIC 1
| #define PACKAGE "curl"
| #define VERSION "-"
| #define CURL_OS "x86_64-pc-linux-gnu"
| #define HAVE_DLFCN_H 1
| #define LT_OBJDIR ".libs/"
| #define HAVE_LDAP_SSL 1
| #define HAVE_SYS_TYPES_H 1
| #define HAVE_CLOCK_GETTIME_MONOTONIC 1
| #define HAVE_SYS_TYPES_H 1
| #define HAVE_CLOCK_GETTIME_MONOTONIC_RAW 1
| #define HAVE_LIBZ 1
| #define USE_IPV6 1
| #define HAVE_SOCKADDR_IN6_SIN6_SCOPE_ID 1
| #define HAVE_WRITABLE_ARGV 1
| #define HAVE_LIBSSL 1
| #define HAVE_OPENSSL_RSA_H 1
| #define USE_OPENSSL 1
| #define HAVE_OPENSSL_CRYPTO_H 1
| #define USE_OPENSSL 1
| #define HAVE_OPENSSL_PEM_H 1
| #define USE_OPENSSL 1
| #define HAVE_OPENSSL_SSL_H 1
| #define USE_OPENSSL 1
| #define HAVE_OPENSSL_ERR_H 1
| #define USE_OPENSSL 1
| #define HAVE_SSL_SET_QUIC_TLS_CBS 1
| #define HAVE_DES_ECB_ENCRYPT 1
| #define HAVE_OPENSSL_SRP 1
| #define CURL_CA_BUNDLE "/etc/ssl/certs/ca-certificates.crt"
| #define CURL_CA_PATH "/etc/ssl/certs"
| #define HAVE_LIBPSL_H 1
| #define USE_LIBPSL 1
| #define CURL_DISABLE_LDAP 1
| #define CURL_DISABLE_LDAPS 1
| /* end confdefs.h.  */
| 
| 
| #ifdef __cplusplus
| extern "C"
| #endif
| char nghttp2_session_get_stream_local_window_size ();
| int main(void)
| {
| return nghttp2_session_get_stream_local_window_size ();
|   return 0;
| }
configure:33898: result: no
configure:38088: checking for sys/types.h
configure:38088: result: yes
configure:38122: checking for sys/select.h
configure:38122: gcc -c -Werror-implicit-function-declaration -O2 -Wno-system-headers  -D_GNU_SOURCE    conftest.c >&5
configure:38122: $? = 0
configure:38122: result: yes
configure:38156: checking for sys/ioctl.h
configure:38156: gcc -c -Werror-implicit-function-declaration -O2 -Wno-system-headers  -D_GNU_SOURCE    conftest.c >&5
configure:38156: $? = 0
configure:38156: result: yes
configure:38190: checking for unistd.h
configure:38190: result: yes
configure:38224: checking for arpa/inet.h
configure:38224: gcc -c -Werror-implicit-function-declaration -O2 -Wno-system-headers  -D_GNU_SOURCE    conftest.c >&5
configure:38224: $? = 0
configure:38224: result: yes
configure:38258: checking for net/if.h
configure:38258: gcc -c -Werror-implicit-function-declaration -O2 -Wno-system-headers  -D_GNU_SOURCE    conftest.c >&5
configure:38258: $? = 0
configure:38258: result: yes
configure:38292: checking for netinet/in.h
configure:38292: gcc -c -Werror-implicit-function-declaration -O2 -Wno-system-headers  -D_GNU_SOURCE    conftest.c >&5
configure:38292: $? = 0
configure:38292: result: yes
configure:38326: checking for netinet/in6.h
configure:38326: gcc -c -Werror-implicit-function-declaration -O2 -Wno-system-headers  -D_GNU_SOURCE    conftest.c >&5
conftest.c:91:10: fatal error: netinet/in6.h: No such file or directory
   91 | #include <netinet/in6.h>
      |          ^~~~~~~~~~~~~~~
compilation terminated.
configure:38326: $? = 1
configure: failed program was:
| /* confdefs.h */
| #define PACKAGE_NAME "curl"
| #define PACKAGE_TARNAME "curl"
| #define PACKAGE_VERSION "-"
| #define PACKAGE_STRING "curl -"
| #define PACKAGE_BUGREPORT "a suitable curl mailing list: https://curl.se/mail/"
| #define PACKAGE_URL ""
| #define HAVE_STDIO_H 1
| #define HAVE_STDLIB_H 1
| #define HAVE_STRING_H 1
| #define HAVE_INTTYPES_H 1
| #define HAVE_STDINT_H 1
| #define HAVE_STRINGS_H 1
| #define HAVE_SYS_STAT_H 1
| #define HAVE_SYS_TYPES_H 1
| #define HAVE_UNISTD_H 1
| #define STDC_HEADERS 1
| #define HAVE_STDATOMIC_H 1
| #define HAVE_ATOMIC 1
| #define PACKAGE "curl"
| #define VERSION "-"
| #define CURL_OS "x86_64-pc-linux-gnu"
| #define HAVE_DLFCN_H 1
| #define LT_OBJDIR ".libs/"
| #define HAVE_LDAP_SSL 1
| #define HAVE_SYS_TYPES_H 1
| #define HAVE_CLOCK_GETTIME_MONOTONIC 1
| #define HAVE_SYS_TYPES_H 1
| #define HAVE_CLOCK_GETTIME_MONOTONIC_RAW 1
| #define HAVE_LIBZ 1
| #define USE_IPV6 1
| #define HAVE_SOCKADDR_IN6_SIN6_SCOPE_ID 1
| #define HAVE_WRITABLE_ARGV 1
| #define HAVE_LIBSSL 1
| #define HAVE_OPENSSL_RSA_H 1
| #define USE_OPENSSL 1
| #define HAVE_OPENSSL_CRYPTO_H 1
| #define USE_OPENSSL 1
| #define HAVE_OPENSSL_PEM_H 1
| #define USE_OPENSSL 1
| #define HAVE_OPENSSL_SSL_H 1
| #define USE_OPENSSL 1
| #define HAVE_OPENSSL_ERR_H 1
| #define USE_OPENSSL 1
| #define HAVE_SSL_SET_QUIC_TLS_CBS 1
| #define HAVE_DES_ECB_ENCRYPT 1
| #define HAVE_OPENSSL_SRP 1
| #define CURL_CA_BUNDLE "/etc/ssl/certs/ca-certificates.crt"
| #define CURL_CA_PATH "/etc/ssl/certs"
| #define HAVE_LIBPSL_H 1
| #define USE_LIBPSL 1
| #define CURL_DISABLE_LDAP 1
| #define CURL_DISABLE_LDAPS 1
| #define HAVE_SYS_TYPES_H 1
| #define HAVE_SYS_SELECT_H 1
| #define HAVE_SYS_IOCTL_H 1
| #define HAVE_UNISTD_H 1
| #define HAVE_ARPA_INET_H 1
| #define HAVE_NET_IF_H 1
| #define HAVE_NETINET_IN_H 1
| /* end confdefs.h.  */
| /* default includes */
| 
| #include <stdlib.h>
| #ifdef HAVE_SYS_TYPES_H
| #include <sys/types.h>
| #endif
| #if !defined(_WIN32) || defined(__MINGW32__)
| #include <sys/time.h>
| #endif
| #ifdef HAVE_SYS_SELECT_H
| #include <sys/select.h>
| #elif defined(HAVE_UNISTD_H)
| #include <unistd.h>
| #endif
| #ifndef _WIN32
| #include <sys/socket.h>
| #endif
| #ifdef HAVE_NETINET_IN_H
| #include <netinet/in.h>
| #endif
| #ifdef HAVE_NETINET_IN6_H
| #include <netinet/in6.h>  /* is this really required to detect other headers? */
| #endif
| #ifdef HAVE_SYS_UN_H
| #include <sys/un.h>  /* is this really required to detect other headers? */
| #endif
| 
| 
| 
| #include <netinet/in6.h>
configure:38326: result: no
configure:38360: checking for sys/un.h
configure:38360: gcc -c -Werror-implicit-function-declaration -O2 -Wno-system-headers  -D_GNU_SOURCE    conftest.c >&5
configure:38360: $? = 0
configure:38360: result: yes
configure:38394: checking for linux/tcp.h
configure:38394: gcc -c -Werror-implicit-function-declaration -O2 -Wno-system-headers  -D_GNU_SOURCE    conftest.c >&5
configure:38394: $? = 0
configure:38394: result: yes
configure:38428: checking for netinet/tcp.h
configure:38428: gcc -c -Werror-implicit-function-declaration -O2 -Wno-system-headers  -D_GNU_SOURCE    conftest.c >&5
configure:38428: $? = 0
configure:38428: result: yes
configure:38462: checking for netinet/udp.h
configure:38462: gcc -c -Werror-implicit-function-declaration -O2 -Wno-system-headers  -D_GNU_SOURCE    conftest.c >&5
configure:38462: $? = 0
configure:38462: result: yes
configure:38496: checking for netdb.h
configure:38496: gcc -c -Werror-implicit-function-declaration -O2 -Wno-system-headers  -D_GNU_SOURCE    conftest.c >&5
configure:38496: $? = 0
configure:38496: result: yes
configure:38530: checking for sys/sockio.h
configure:38530: gcc -c -Werror-implicit-function-declaration -O2 -Wno-system-headers  -D_GNU_SOURCE    conftest.c >&5
conftest.c:96:10: fatal error: sys/sockio.h: No such file or directory
   96 | #include <sys/sockio.h>
      |          ^~~~~~~~~~~~~~
compilation terminated.
configure:38530: $? = 1
configure: failed program was:
| /* confdefs.h */
| #define PACKAGE_NAME "curl"
| #define PACKAGE_TARNAME "curl"
| #define PACKAGE_VERSION "-"
| #define PACKAGE_STRING "curl -"
| #define PACKAGE_BUGREPORT "a suitable curl mailing list: https://curl.se/mail/"
| #define PACKAGE_URL ""
| #define HAVE_STDIO_H 1
| #define HAVE_STDLIB_H 1
| #define HAVE_STRING_H 1
| #define HAVE_INTTYPES_H 1
| #define HAVE_STDINT_H 1
| #define HAVE_STRINGS_H 1
| #define HAVE_SYS_STAT_H 1
| #define HAVE_SYS_TYPES_H 1
| #define HAVE_UNISTD_H 1
| #define STDC_HEADERS 1
| #define HAVE_STDATOMIC_H 1
| #define HAVE_ATOMIC 1
| #define PACKAGE "curl"
| #define VERSION "-"
| #define CURL_OS "x86_64-pc-linux-gnu"
| #define HAVE_DLFCN_H 1
| #define LT_OBJDIR ".libs/"
| #define HAVE_LDAP_SSL 1
| #define HAVE_SYS_TYPES_H 1
| #define HAVE_CLOCK_GETTIME_MONOTONIC 1
| #define HAVE_SYS_TYPES_H 1
| #define HAVE_CLOCK_GETTIME_MONOTONIC_RAW 1
| #define HAVE_LIBZ 1
| #define USE_IPV6 1
| #define HAVE_SOCKADDR_IN6_SIN6_SCOPE_ID 1
| #define HAVE_WRITABLE_ARGV 1
| #define HAVE_LIBSSL 1
| #define HAVE_OPENSSL_RSA_H 1
| #define USE_OPENSSL 1
| #define HAVE_OPENSSL_CRYPTO_H 1
| #define USE_OPENSSL 1
| #define HAVE_OPENSSL_PEM_H 1
| #define USE_OPENSSL 1
| #define HAVE_OPENSSL_SSL_H 1
| #define USE_OPENSSL 1
| #define HAVE_OPENSSL_ERR_H 1
| #define USE_OPENSSL 1
| #define HAVE_SSL_SET_QUIC_TLS_CBS 1
| #define HAVE_DES_ECB_ENCRYPT 1
| #define HAVE_OPENSSL_SRP 1
| #define CURL_CA_BUNDLE "/etc/ssl/certs/ca-certificates.crt"
| #define CURL_CA_PATH "/etc/ssl/certs"
| #define HAVE_LIBPSL_H 1
| #define USE_LIBPSL 1
| #define CURL_DISABLE_LDAP 1
| #define CURL_DISABLE_LDAPS 1
| #define HAVE_SYS_TYPES_H 1
| #define HAVE_SYS_SELECT_H 1
| #define HAVE_SYS_IOCTL_H 1
| #define HAVE_UNISTD_H 1
| #define HAVE_ARPA_INET_H 1
| #define HAVE_NET_IF_H 1
| #define HAVE_NETINET_IN_H 1
| #define HAVE_SYS_UN_H 1
| #define HAVE_LINUX_TCP_H 1
| #define HAVE_NETINET_TCP_H 1
| #define HAVE_NETINET_UDP_H 1
| #define HAVE_NETDB_H 1
| /* end confdefs.h.  */
| /* default includes */
| 
| #include <stdlib.h>
| #ifdef HAVE_SYS_TYPES_H
| #include <sys/types.h>
| #endif
| #if !defined(_WIN32) || defined(__MINGW32__)
| #include <sys/time.h>
| #endif
| #ifdef HAVE_SYS_SELECT_H
| #include <sys/select.h>
| #elif defined(HAVE_UNISTD_H)
| #include <unistd.h>
| #endif
| #ifndef _WIN32
| #include <sys/socket.h>
| #endif
| #ifdef HAVE_NETINET_IN_H
| #include <netinet/in.h>
| #endif
| #ifdef HAVE_NETINET_IN6_H
| #include <netinet/in6.h>  /* is this really required to detect other headers? */
| #endif
| #ifdef HAVE_SYS_UN_H
| #include <sys/un.h>  /* is this really required to detect other headers? */
| #endif
| 
| 
| 
| #include <sys/sockio.h>
configure:38530: result: no
configure:38564: checking for sys/param.h
configure:38564: gcc -c -Werror-implicit-function-declaration -O2 -Wno-system-headers  -D_GNU_SOURCE    conftest.c >&5
configure:38564: $? = 0
configure:38564: result: yes
configure:38598: checking for termios.h
configure:38598: gcc -c -Werror-implicit-function-declaration -O2 -Wno-system-headers  -D_GNU_SOURCE    conftest.c >&5
configure:38598: $? = 0
configure:38598: result: yes
configure:38632: checking for termio.h
configure:38632: gcc -c -Werror-implicit-function-declaration -O2 -Wno-system-headers  -D_GNU_SOURCE    conftest.c >&5
conftest.c:98:10: fatal error: termio.h: No such file or directory
   98 | #include <termio.h>
      |          ^~~~~~~~~~
compilation terminated.
configure:38632: $? = 1
configure: failed program was:
| /* confdefs.h */
| #define PACKAGE_NAME "curl"
| #define PACKAGE_TARNAME "curl"
| #define PACKAGE_VERSION "-"
| #define PACKAGE_STRING "curl -"
| #define PACKAGE_BUGREPORT "a suitable curl mailing list: https://curl.se/mail/"
| #define PACKAGE_URL ""
| #define HAVE_STDIO_H 1
| #define HAVE_STDLIB_H 1
| #define HAVE_STRING_H 1
| #define HAVE_INTTYPES_H 1
| #define HAVE_STDINT_H 1
| #define HAVE_STRINGS_H 1
| #define HAVE_SYS_STAT_H 1
| #define HAVE_SYS_TYPES_H 1
| #define HAVE_UNISTD_H 1
| #define STDC_HEADERS 1
| #define HAVE_STDATOMIC_H 1
| #define HAVE_ATOMIC 1
| #define PACKAGE "curl"
| #define VERSION "-"
| #define CURL_OS "x86_64-pc-linux-gnu"
| #define HAVE_DLFCN_H 1
| #define LT_OBJDIR ".libs/"
| #define HAVE_LDAP_SSL 1
| #define HAVE_SYS_TYPES_H 1
| #define HAVE_CLOCK_GETTIME_MONOTONIC 1
| #define HAVE_SYS_TYPES_H 1
| #define HAVE_CLOCK_GETTIME_MONOTONIC_RAW 1
| #define HAVE_LIBZ 1
| #define USE_IPV6 1
| #define HAVE_SOCKADDR_IN6_SIN6_SCOPE_ID 1
| #define HAVE_WRITABLE_ARGV 1
| #define HAVE_LIBSSL 1
| #define HAVE_OPENSSL_RSA_H 1
| #define USE_OPENSSL 1
| #define HAVE_OPENSSL_CRYPTO_H 1
| #define USE_OPENSSL 1
| #define HAVE_OPENSSL_PEM_H 1
| #define USE_OPENSSL 1
| #define HAVE_OPENSSL_SSL_H 1
| #define USE_OPENSSL 1
| #define HAVE_OPENSSL_ERR_H 1
| #define USE_OPENSSL 1
| #define HAVE_SSL_SET_QUIC_TLS_CBS 1
| #define HAVE_DES_ECB_ENCRYPT 1
| #define HAVE_OPENSSL_SRP 1
| #define CURL_CA_BUNDLE "/etc/ssl/certs/ca-certificates.crt"
| #define CURL_CA_PATH "/etc/ssl/certs"
| #define HAVE_LIBPSL_H 1
| #define USE_LIBPSL 1
| #define CURL_DISABLE_LDAP 1
| #define CURL_DISABLE_LDAPS 1
| #define HAVE_SYS_TYPES_H 1
| #define HAVE_SYS_SELECT_H 1
| #define HAVE_SYS_IOCTL_H 1
| #define HAVE_UNISTD_H 1
| #define HAVE_ARPA_INET_H 1
| #define HAVE_NET_IF_H 1
| #define HAVE_NETINET_IN_H 1
| #define HAVE_SYS_UN_H 1
| #define HAVE_LINUX_TCP_H 1
| #define HAVE_NETINET_TCP_H 1
| #define HAVE_NETINET_UDP_H 1
| #define HAVE_NETDB_H 1
| #define HAVE_SYS_PARAM_H 1
| #define HAVE_TERMIOS_H 1
| /* end confdefs.h.  */
| /* default includes */
| 
| #include <stdlib.h>
| #ifdef HAVE_SYS_TYPES_H
| #include <sys/types.h>
| #endif
| #if !defined(_WIN32) || defined(__MINGW32__)
| #include <sys/time.h>
| #endif
| #ifdef HAVE_SYS_SELECT_H
| #include <sys/select.h>
| #elif defined(HAVE_UNISTD_H)
| #include <unistd.h>
| #endif
| #ifndef _WIN32
| #include <sys/socket.h>
| #endif
| #ifdef HAVE_NETINET_IN_H
| #include <netinet/in.h>
| #endif
| #ifdef HAVE_NETINET_IN6_H
| #include <netinet/in6.h>  /* is this really required to detect other headers? */
| #endif
| #ifdef HAVE_SYS_UN_H
| #include <sys/un.h>  /* is this really required to detect other headers? */
| #endif
| 
| 
| 
| #include <termio.h>
configure:38632: result: no
configure:38666: checking for fcntl.h
configure:38666: gcc -c -Werror-implicit-function-declaration -O2 -Wno-system-headers  -D_GNU_SOURCE    conftest.c >&5
configure:38666: $? = 0
configure:38666: result: yes
configure:38700: checking for io.h
configure:38700: gcc -c -Werror-implicit-function-declaration -O2 -Wno-system-headers  -D_GNU_SOURCE    conftest.c >&5
conftest.c:99:10: fatal error: io.h: No such file or directory
   99 | #include <io.h>
      |          ^~~~~~
compilation terminated.
configure:38700: $? = 1
configure: failed program was:
| /* confdefs.h */
| #define PACKAGE_NAME "curl"
| #define PACKAGE_TARNAME "curl"
| #define PACKAGE_VERSION "-"
| #define PACKAGE_STRING "curl -"
| #define PACKAGE_BUGREPORT "a suitable curl mailing list: https://curl.se/mail/"
| #define PACKAGE_URL ""
| #define HAVE_STDIO_H 1
| #define HAVE_STDLIB_H 1
| #define HAVE_STRING_H 1
| #define HAVE_INTTYPES_H 1
| #define HAVE_STDINT_H 1
| #define HAVE_STRINGS_H 1
| #define HAVE_SYS_STAT_H 1
| #define HAVE_SYS_TYPES_H 1
| #define HAVE_UNISTD_H 1
| #define STDC_HEADERS 1
| #define HAVE_STDATOMIC_H 1
| #define HAVE_ATOMIC 1
| #define PACKAGE "curl"
| #define VERSION "-"
| #define CURL_OS "x86_64-pc-linux-gnu"
| #define HAVE_DLFCN_H 1
| #define LT_OBJDIR ".libs/"
| #define HAVE_LDAP_SSL 1
| #define HAVE_SYS_TYPES_H 1
| #define HAVE_CLOCK_GETTIME_MONOTONIC 1
| #define HAVE_SYS_TYPES_H 1
| #define HAVE_CLOCK_GETTIME_MONOTONIC_RAW 1
| #define HAVE_LIBZ 1
| #define USE_IPV6 1
| #define HAVE_SOCKADDR_IN6_SIN6_SCOPE_ID 1
| #define HAVE_WRITABLE_ARGV 1
| #define HAVE_LIBSSL 1
| #define HAVE_OPENSSL_RSA_H 1
| #define USE_OPENSSL 1
| #define HAVE_OPENSSL_CRYPTO_H 1
| #define USE_OPENSSL 1
| #define HAVE_OPENSSL_PEM_H 1
| #define USE_OPENSSL 1
| #define HAVE_OPENSSL_SSL_H 1
| #define USE_OPENSSL 1
| #define HAVE_OPENSSL_ERR_H 1
| #define USE_OPENSSL 1
| #define HAVE_SSL_SET_QUIC_TLS_CBS 1
| #define HAVE_DES_ECB_ENCRYPT 1
| #define HAVE_OPENSSL_SRP 1
| #define CURL_CA_BUNDLE "/etc/ssl/certs/ca-certificates.crt"
| #define CURL_CA_PATH "/etc/ssl/certs"
| #define HAVE_LIBPSL_H 1
| #define USE_LIBPSL 1
| #define CURL_DISABLE_LDAP 1
| #define CURL_DISABLE_LDAPS 1
| #define HAVE_SYS_TYPES_H 1
| #define HAVE_SYS_SELECT_H 1
| #define HAVE_SYS_IOCTL_H 1
| #define HAVE_UNISTD_H 1
| #define HAVE_ARPA_INET_H 1
| #define HAVE_NET_IF_H 1
| #define HAVE_NETINET_IN_H 1
| #define HAVE_SYS_UN_H 1
| #define HAVE_LINUX_TCP_H 1
| #define HAVE_NETINET_TCP_H 1
| #define HAVE_NETINET_UDP_H 1
| #define HAVE_NETDB_H 1
| #define HAVE_SYS_PARAM_H 1
| #define HAVE_TERMIOS_H 1
| #define HAVE_FCNTL_H 1
| /* end confdefs.h.  */
| /* default includes */
| 
| #include <stdlib.h>
| #ifdef HAVE_SYS_TYPES_H
| #include <sys/types.h>
| #endif
| #if !defined(_WIN32) || defined(__MINGW32__)
| #include <sys/time.h>
| #endif
| #ifdef HAVE_SYS_SELECT_H
| #include <sys/select.h>
| #elif defined(HAVE_UNISTD_H)
| #include <unistd.h>
| #endif
| #ifndef _WIN32
| #include <sys/socket.h>
| #endif
| #ifdef HAVE_NETINET_IN_H
| #include <netinet/in.h>
| #endif
| #ifdef HAVE_NETINET_IN6_H
| #include <netinet/in6.h>  /* is this really required to detect other headers? */
| #endif
| #ifdef HAVE_SYS_UN_H
| #include <sys/un.h>  /* is this really required to detect other headers? */
| #endif
| 
| 
| 
| #include <io.h>
configure:38700: result: no
configure:38734: checking for pwd.h
configure:38734: gcc -c -Werror-implicit-function-declaration -O2 -Wno-system-headers  -D_GNU_SOURCE    conftest.c >&5
configure:38734: $? = 0
configure:38734: result: yes
configure:38768: checking for utime.h
configure:38768: gcc -c -Werror-implicit-function-declaration -O2 -Wno-system-headers  -D_GNU_SOURCE    conftest.c >&5
configure:38768: $? = 0
configure:38768: result: yes
configure:38802: checking for sys/utime.h
configure:38802: gcc -c -Werror-implicit-function-declaration -O2 -Wno-system-headers  -D_GNU_SOURCE    conftest.c >&5
conftest.c:101:10: fatal error: sys/utime.h: No such file or directory
  101 | #include <sys/utime.h>
      |          ^~~~~~~~~~~~~
compilation terminated.
configure:38802: $? = 1
configure: failed program was:
| /* confdefs.h */
| #define PACKAGE_NAME "curl"
| #define PACKAGE_TARNAME "curl"
| #define PACKAGE_VERSION "-"
| #define PACKAGE_STRING "curl -"
| #define PACKAGE_BUGREPORT "a suitable curl mailing list: https://curl.se/mail/"
| #define PACKAGE_URL ""
| #define HAVE_STDIO_H 1
| #define HAVE_STDLIB_H 1
| #define HAVE_STRING_H 1
| #define HAVE_INTTYPES_H 1
| #define HAVE_STDINT_H 1
| #define HAVE_STRINGS_H 1
| #define HAVE_SYS_STAT_H 1
| #define HAVE_SYS_TYPES_H 1
| #define HAVE_UNISTD_H 1
| #define STDC_HEADERS 1
| #define HAVE_STDATOMIC_H 1
| #define HAVE_ATOMIC 1
| #define PACKAGE "curl"
| #define VERSION "-"
| #define CURL_OS "x86_64-pc-linux-gnu"
| #define HAVE_DLFCN_H 1
| #define LT_OBJDIR ".libs/"
| #define HAVE_LDAP_SSL 1
| #define HAVE_SYS_TYPES_H 1
| #define HAVE_CLOCK_GETTIME_MONOTONIC 1
| #define HAVE_SYS_TYPES_H 1
| #define HAVE_CLOCK_GETTIME_MONOTONIC_RAW 1
| #define HAVE_LIBZ 1
| #define USE_IPV6 1
| #define HAVE_SOCKADDR_IN6_SIN6_SCOPE_ID 1
| #define HAVE_WRITABLE_ARGV 1
| #define HAVE_LIBSSL 1
| #define HAVE_OPENSSL_RSA_H 1
| #define USE_OPENSSL 1
| #define HAVE_OPENSSL_CRYPTO_H 1
| #define USE_OPENSSL 1
| #define HAVE_OPENSSL_PEM_H 1
| #define USE_OPENSSL 1
| #define HAVE_OPENSSL_SSL_H 1
| #define USE_OPENSSL 1
| #define HAVE_OPENSSL_ERR_H 1
| #define USE_OPENSSL 1
| #define HAVE_SSL_SET_QUIC_TLS_CBS 1
| #define HAVE_DES_ECB_ENCRYPT 1
| #define HAVE_OPENSSL_SRP 1
| #define CURL_CA_BUNDLE "/etc/ssl/certs/ca-certificates.crt"
| #define CURL_CA_PATH "/etc/ssl/certs"
| #define HAVE_LIBPSL_H 1
| #define USE_LIBPSL 1
| #define CURL_DISABLE_LDAP 1
| #define CURL_DISABLE_LDAPS 1
| #define HAVE_SYS_TYPES_H 1
| #define HAVE_SYS_SELECT_H 1
| #define HAVE_SYS_IOCTL_H 1
| #define HAVE_UNISTD_H 1
| #define HAVE_ARPA_INET_H 1
| #define HAVE_NET_IF_H 1
| #define HAVE_NETINET_IN_H 1
| #define HAVE_SYS_UN_H 1
| #define HAVE_LINUX_TCP_H 1
| #define HAVE_NETINET_TCP_H 1
| #define HAVE_NETINET_UDP_H 1
| #define HAVE_NETDB_H 1
| #define HAVE_SYS_PARAM_H 1
| #define HAVE_TERMIOS_H 1
| #define HAVE_FCNTL_H 1
| #define HAVE_PWD_H 1
| #define HAVE_UTIME_H 1
| /* end confdefs.h.  */
| /* default includes */
| 
| #include <stdlib.h>
| #ifdef HAVE_SYS_TYPES_H
| #include <sys/types.h>
| #endif
| #if !defined(_WIN32) || defined(__MINGW32__)
| #include <sys/time.h>
| #endif
| #ifdef HAVE_SYS_SELECT_H
| #include <sys/select.h>
| #elif defined(HAVE_UNISTD_H)
| #include <unistd.h>
| #endif
| #ifndef _WIN32
| #include <sys/socket.h>
| #endif
| #ifdef HAVE_NETINET_IN_H
| #include <netinet/in.h>
| #endif
| #ifdef HAVE_NETINET_IN6_H
| #include <netinet/in6.h>  /* is this really required to detect other headers? */
| #endif
| #ifdef HAVE_SYS_UN_H
| #include <sys/un.h>  /* is this really required to detect other headers? */
| #endif
| 
| 
| 
| #include <sys/utime.h>
configure:38802: result: no
configure:38836: checking for sys/poll.h
configure:38836: gcc -c -Werror-implicit-function-declaration -O2 -Wno-system-headers  -D_GNU_SOURCE    conftest.c >&5
configure:38836: $? = 0
configure:38836: result: yes
configure:38870: checking for poll.h
configure:38870: gcc -c -Werror-implicit-function-declaration -O2 -Wno-system-headers  -D_GNU_SOURCE    conftest.c >&5
configure:38870: $? = 0
configure:38870: result: yes
configure:38904: checking for sys/resource.h
configure:38904: gcc -c -Werror-implicit-function-declaration -O2 -Wno-system-headers  -D_GNU_SOURCE    conftest.c >&5
configure:38904: $? = 0
configure:38904: result: yes
configure:38938: checking for libgen.h
configure:38938: gcc -c -Werror-implicit-function-declaration -O2 -Wno-system-headers  -D_GNU_SOURCE    conftest.c >&5
configure:38938: $? = 0
configure:38938: result: yes
configure:38972: checking for locale.h
configure:38972: gcc -c -Werror-implicit-function-declaration -O2 -Wno-system-headers  -D_GNU_SOURCE    conftest.c >&5
configure:38972: $? = 0
configure:38972: result: yes
configure:39006: checking for stdbool.h
configure:39006: gcc -c -Werror-implicit-function-declaration -O2 -Wno-system-headers  -D_GNU_SOURCE    conftest.c >&5
configure:39006: $? = 0
configure:39006: result: yes
configure:39040: checking for sys/filio.h
configure:39040: gcc -c -Werror-implicit-function-declaration -O2 -Wno-system-headers  -D_GNU_SOURCE    conftest.c >&5
conftest.c:107:10: fatal error: sys/filio.h: No such file or directory
  107 | #include <sys/filio.h>
      |          ^~~~~~~~~~~~~
compilation terminated.
configure:39040: $? = 1
configure: failed program was:
| /* confdefs.h */
| #define PACKAGE_NAME "curl"
| #define PACKAGE_TARNAME "curl"
| #define PACKAGE_VERSION "-"
| #define PACKAGE_STRING "curl -"
| #define PACKAGE_BUGREPORT "a suitable curl mailing list: https://curl.se/mail/"
| #define PACKAGE_URL ""
| #define HAVE_STDIO_H 1
| #define HAVE_STDLIB_H 1
| #define HAVE_STRING_H 1
| #define HAVE_INTTYPES_H 1
| #define HAVE_STDINT_H 1
| #define HAVE_STRINGS_H 1
| #define HAVE_SYS_STAT_H 1
| #define HAVE_SYS_TYPES_H 1
| #define HAVE_UNISTD_H 1
| #define STDC_HEADERS 1
| #define HAVE_STDATOMIC_H 1
| #define HAVE_ATOMIC 1
| #define PACKAGE "curl"
| #define VERSION "-"
| #define CURL_OS "x86_64-pc-linux-gnu"
| #define HAVE_DLFCN_H 1
| #define LT_OBJDIR ".libs/"
| #define HAVE_LDAP_SSL 1
| #define HAVE_SYS_TYPES_H 1
| #define HAVE_CLOCK_GETTIME_MONOTONIC 1
| #define HAVE_SYS_TYPES_H 1
| #define HAVE_CLOCK_GETTIME_MONOTONIC_RAW 1
| #define HAVE_LIBZ 1
| #define USE_IPV6 1
| #define HAVE_SOCKADDR_IN6_SIN6_SCOPE_ID 1
| #define HAVE_WRITABLE_ARGV 1
| #define HAVE_LIBSSL 1
| #define HAVE_OPENSSL_RSA_H 1
| #define USE_OPENSSL 1
| #define HAVE_OPENSSL_CRYPTO_H 1
| #define USE_OPENSSL 1
| #define HAVE_OPENSSL_PEM_H 1
| #define USE_OPENSSL 1
| #define HAVE_OPENSSL_SSL_H 1
| #define USE_OPENSSL 1
| #define HAVE_OPENSSL_ERR_H 1
| #define USE_OPENSSL 1
| #define HAVE_SSL_SET_QUIC_TLS_CBS 1
| #define HAVE_DES_ECB_ENCRYPT 1
| #define HAVE_OPENSSL_SRP 1
| #define CURL_CA_BUNDLE "/etc/ssl/certs/ca-certificates.crt"
| #define CURL_CA_PATH "/etc/ssl/certs"
| #define HAVE_LIBPSL_H 1
| #define USE_LIBPSL 1
| #define CURL_DISABLE_LDAP 1
| #define CURL_DISABLE_LDAPS 1
| #define HAVE_SYS_TYPES_H 1
| #define HAVE_SYS_SELECT_H 1
| #define HAVE_SYS_IOCTL_H 1
| #define HAVE_UNISTD_H 1
| #define HAVE_ARPA_INET_H 1
| #define HAVE_NET_IF_H 1
| #define HAVE_NETINET_IN_H 1
| #define HAVE_SYS_UN_H 1
| #define HAVE_LINUX_TCP_H 1
| #define HAVE_NETINET_TCP_H 1
| #define HAVE_NETINET_UDP_H 1
| #define HAVE_NETDB_H 1
| #define HAVE_SYS_PARAM_H 1
| #define HAVE_TERMIOS_H 1
| #define HAVE_FCNTL_H 1
| #define HAVE_PWD_H 1
| #define HAVE_UTIME_H 1
| #define HAVE_SYS_POLL_H 1
| #define HAVE_POLL_H 1
| #define HAVE_SYS_RESOURCE_H 1
| #define HAVE_LIBGEN_H 1
| #define HAVE_LOCALE_H 1
| #define HAVE_STDBOOL_H 1
| /* end confdefs.h.  */
| /* default includes */
| 
| #include <stdlib.h>
| #ifdef HAVE_SYS_TYPES_H
| #include <sys/types.h>
| #endif
| #if !defined(_WIN32) || defined(__MINGW32__)
| #include <sys/time.h>
| #endif
| #ifdef HAVE_SYS_SELECT_H
| #include <sys/select.h>
| #elif defined(HAVE_UNISTD_H)
| #include <unistd.h>
| #endif
| #ifndef _WIN32
| #include <sys/socket.h>
| #endif
| #ifdef HAVE_NETINET_IN_H
| #include <netinet/in.h>
| #endif
| #ifdef HAVE_NETINET_IN6_H
| #include <netinet/in6.h>  /* is this really required to detect other headers? */
| #endif
| #ifdef HAVE_SYS_UN_H
| #include <sys/un.h>  /* is this really required to detect other headers? */
| #endif
| 
| 
| 
| #include <sys/filio.h>
configure:39040: result: no
configure:39074: checking for sys/eventfd.h
configure:39074: gcc -c -Werror-implicit-function-declaration -O2 -Wno-system-headers  -D_GNU_SOURCE    conftest.c >&5
configure:39074: $? = 0
configure:39074: result: yes
configure:39110: checking for an ANSI C-conforming const
configure:39175: gcc -c -Werror-implicit-function-declaration -O2 -Wno-system-headers  -D_GNU_SOURCE    conftest.c >&5
configure:39175: $? = 0
configure:39183: result: yes
configure:39191: checking for size_t
configure:39191: gcc -c -Werror-implicit-function-declaration -O2 -Wno-system-headers  -D_GNU_SOURCE    conftest.c >&5
configure:39191: $? = 0
configure:39191: gcc -c -Werror-implicit-function-declaration -O2 -Wno-system-headers  -D_GNU_SOURCE    conftest.c >&5
conftest.c: In function 'main':
conftest.c:109:21: error: expected expression before ')' token
  109 | if (sizeof ((size_t)))
      |                     ^
configure:39191: $? = 1
configure: failed program was:
| /* confdefs.h */
| #define PACKAGE_NAME "curl"
| #define PACKAGE_TARNAME "curl"
| #define PACKAGE_VERSION "-"
| #define PACKAGE_STRING "curl -"
| #define PACKAGE_BUGREPORT "a suitable curl mailing list: https://curl.se/mail/"
| #define PACKAGE_URL ""
| #define HAVE_STDIO_H 1
| #define HAVE_STDLIB_H 1
| #define HAVE_STRING_H 1
| #define HAVE_INTTYPES_H 1
| #define HAVE_STDINT_H 1
| #define HAVE_STRINGS_H 1
| #define HAVE_SYS_STAT_H 1
| #define HAVE_SYS_TYPES_H 1
| #define HAVE_UNISTD_H 1
| #define STDC_HEADERS 1
| #define HAVE_STDATOMIC_H 1
| #define HAVE_ATOMIC 1
| #define PACKAGE "curl"
| #define VERSION "-"
| #define CURL_OS "x86_64-pc-linux-gnu"
| #define HAVE_DLFCN_H 1
| #define LT_OBJDIR ".libs/"
| #define HAVE_LDAP_SSL 1
| #define HAVE_SYS_TYPES_H 1
| #define HAVE_CLOCK_GETTIME_MONOTONIC 1
| #define HAVE_SYS_TYPES_H 1
| #define HAVE_CLOCK_GETTIME_MONOTONIC_RAW 1
| #define HAVE_LIBZ 1
| #define USE_IPV6 1
| #define HAVE_SOCKADDR_IN6_SIN6_SCOPE_ID 1
| #define HAVE_WRITABLE_ARGV 1
| #define HAVE_LIBSSL 1
| #define HAVE_OPENSSL_RSA_H 1
| #define USE_OPENSSL 1
| #define HAVE_OPENSSL_CRYPTO_H 1
| #define USE_OPENSSL 1
| #define HAVE_OPENSSL_PEM_H 1
| #define USE_OPENSSL 1
| #define HAVE_OPENSSL_SSL_H 1
| #define USE_OPENSSL 1
| #define HAVE_OPENSSL_ERR_H 1
| #define USE_OPENSSL 1
| #define HAVE_SSL_SET_QUIC_TLS_CBS 1
| #define HAVE_DES_ECB_ENCRYPT 1
| #define HAVE_OPENSSL_SRP 1
| #define CURL_CA_BUNDLE "/etc/ssl/certs/ca-certificates.crt"
| #define CURL_CA_PATH "/etc/ssl/certs"
| #define HAVE_LIBPSL_H 1
| #define USE_LIBPSL 1
| #define CURL_DISABLE_LDAP 1
| #define CURL_DISABLE_LDAPS 1
| #define HAVE_SYS_TYPES_H 1
| #define HAVE_SYS_SELECT_H 1
| #define HAVE_SYS_IOCTL_H 1
| #define HAVE_UNISTD_H 1
| #define HAVE_ARPA_INET_H 1
| #define HAVE_NET_IF_H 1
| #define HAVE_NETINET_IN_H 1
| #define HAVE_SYS_UN_H 1
| #define HAVE_LINUX_TCP_H 1
| #define HAVE_NETINET_TCP_H 1
| #define HAVE_NETINET_UDP_H 1
| #define HAVE_NETDB_H 1
| #define HAVE_SYS_PARAM_H 1
| #define HAVE_TERMIOS_H 1
| #define HAVE_FCNTL_H 1
| #define HAVE_PWD_H 1
| #define HAVE_UTIME_H 1
| #define HAVE_SYS_POLL_H 1
| #define HAVE_POLL_H 1
| #define HAVE_SYS_RESOURCE_H 1
| #define HAVE_LIBGEN_H 1
| #define HAVE_LOCALE_H 1
| #define HAVE_STDBOOL_H 1
| #define HAVE_SYS_EVENTFD_H 1
| /* end confdefs.h.  */
| #include <stddef.h>
| #ifdef HAVE_STDIO_H
| # include <stdio.h>
| #endif
| #ifdef HAVE_STDLIB_H
| # include <stdlib.h>
| #endif
| #ifdef HAVE_STRING_H
| # include <string.h>
| #endif
| #ifdef HAVE_INTTYPES_H
| # include <inttypes.h>
| #endif
| #ifdef HAVE_STDINT_H
| # include <stdint.h>
| #endif
| #ifdef HAVE_STRINGS_H
| # include <strings.h>
| #endif
| #ifdef HAVE_SYS_TYPES_H
| # include <sys/types.h>
| #endif
| #ifdef HAVE_SYS_STAT_H
| # include <sys/stat.h>
| #endif
| #ifdef HAVE_UNISTD_H
| # include <unistd.h>
| #endif
| int main(void)
| {
| if (sizeof ((size_t)))
| 	    return 0;
|   return 0;
| }
configure:39191: result: yes
configure:39204: checking for sys/types.h
configure:39204: result: yes
configure:39211: checking for struct timeval
configure:39249: gcc -c -Werror-implicit-function-declaration -O2 -Wno-system-headers  -D_GNU_SOURCE    conftest.c >&5
configure:39249: $? = 0
configure:39262: result: yes
configure:39276: checking runtime libs availability
configure:39332: sh ./run-compiler -o conftest -Werror-implicit-function-declaration -O2 -Wno-system-headers  -D_GNU_SOURCE        conftest.c -lpsl -lssl -lcrypto -lssl -lcrypto -lz  >&5
configure:39332: $? = 0
configure:39332: ./conftest
configure:39332: $? = 0
configure:39334: result: fine
configure:39358: checking size of size_t
configure:39381: gcc -c -Werror-implicit-function-declaration -O2 -Wno-system-headers  -D_GNU_SOURCE    conftest.c >&5
configure:39381: $? = 0
configure:39399: result: 8
configure:39412: checking size of long
configure:39435: gcc -c -Werror-implicit-function-declaration -O2 -Wno-system-headers  -D_GNU_SOURCE    conftest.c >&5
configure:39435: $? = 0
configure:39453: result: 8
configure:39466: checking size of int
configure:39489: gcc -c -Werror-implicit-function-declaration -O2 -Wno-system-headers  -D_GNU_SOURCE    conftest.c >&5
conftest.c: In function 'main':
conftest.c:93:9: error: duplicate case value
   93 |         case (sizeof(int) == 8):;
      |         ^~~~
conftest.c:92:9: note: previously used here
   92 |         case 0:
      |         ^~~~
configure:39489: $? = 1
configure: failed program was:
| /* confdefs.h */
| #define PACKAGE_NAME "curl"
| #define PACKAGE_TARNAME "curl"
| #define PACKAGE_VERSION "-"
| #define PACKAGE_STRING "curl -"
| #define PACKAGE_BUGREPORT "a suitable curl mailing list: https://curl.se/mail/"
| #define PACKAGE_URL ""
| #define HAVE_STDIO_H 1
| #define HAVE_STDLIB_H 1
| #define HAVE_STRING_H 1
| #define HAVE_INTTYPES_H 1
| #define HAVE_STDINT_H 1
| #define HAVE_STRINGS_H 1
| #define HAVE_SYS_STAT_H 1
| #define HAVE_SYS_TYPES_H 1
| #define HAVE_UNISTD_H 1
| #define STDC_HEADERS 1
| #define HAVE_STDATOMIC_H 1
| #define HAVE_ATOMIC 1
| #define PACKAGE "curl"
| #define VERSION "-"
| #define CURL_OS "x86_64-pc-linux-gnu"
| #define HAVE_DLFCN_H 1
| #define LT_OBJDIR ".libs/"
| #define HAVE_LDAP_SSL 1
| #define HAVE_SYS_TYPES_H 1
| #define HAVE_CLOCK_GETTIME_MONOTONIC 1
| #define HAVE_SYS_TYPES_H 1
| #define HAVE_CLOCK_GETTIME_MONOTONIC_RAW 1
| #define HAVE_LIBZ 1
| #define USE_IPV6 1
| #define HAVE_SOCKADDR_IN6_SIN6_SCOPE_ID 1
| #define HAVE_WRITABLE_ARGV 1
| #define HAVE_LIBSSL 1
| #define HAVE_OPENSSL_RSA_H 1
| #define USE_OPENSSL 1
| #define HAVE_OPENSSL_CRYPTO_H 1
| #define USE_OPENSSL 1
| #define HAVE_OPENSSL_PEM_H 1
| #define USE_OPENSSL 1
| #define HAVE_OPENSSL_SSL_H 1
| #define USE_OPENSSL 1
| #define HAVE_OPENSSL_ERR_H 1
| #define USE_OPENSSL 1
| #define HAVE_SSL_SET_QUIC_TLS_CBS 1
| #define HAVE_DES_ECB_ENCRYPT 1
| #define HAVE_OPENSSL_SRP 1
| #define CURL_CA_BUNDLE "/etc/ssl/certs/ca-certificates.crt"
| #define CURL_CA_PATH "/etc/ssl/certs"
| #define HAVE_LIBPSL_H 1
| #define USE_LIBPSL 1
| #define CURL_DISABLE_LDAP 1
| #define CURL_DISABLE_LDAPS 1
| #define HAVE_SYS_TYPES_H 1
| #define HAVE_SYS_SELECT_H 1
| #define HAVE_SYS_IOCTL_H 1
| #define HAVE_UNISTD_H 1
| #define HAVE_ARPA_INET_H 1
| #define HAVE_NET_IF_H 1
| #define HAVE_NETINET_IN_H 1
| #define HAVE_SYS_UN_H 1
| #define HAVE_LINUX_TCP_H 1
| #define HAVE_NETINET_TCP_H 1
| #define HAVE_NETINET_UDP_H 1
| #define HAVE_NETDB_H 1
| #define HAVE_SYS_PARAM_H 1
| #define HAVE_TERMIOS_H 1
| #define HAVE_FCNTL_H 1
| #define HAVE_PWD_H 1
| #define HAVE_UTIME_H 1
| #define HAVE_SYS_POLL_H 1
| #define HAVE_POLL_H 1
| #define HAVE_SYS_RESOURCE_H 1
| #define HAVE_LIBGEN_H 1
| #define HAVE_LOCALE_H 1
| #define HAVE_STDBOOL_H 1
| #define HAVE_SYS_EVENTFD_H 1
| #define HAVE_SYS_TYPES_H 1
| #define HAVE_STRUCT_TIMEVAL 1
| #define SIZEOF_SIZE_T 8
| #define SIZEOF_LONG 8
| /* end confdefs.h.  */
| 
| 
|         #include <sys/types.h>
| 
| 
| int main(void)
| {
| 
|         switch(0) {
|         case 0:
|         case (sizeof(int) == 8):;
|         }
| 
|   return 0;
| }
| 
configure:39489: gcc -c -Werror-implicit-function-declaration -O2 -Wno-system-headers  -D_GNU_SOURCE    conftest.c >&5
configure:39489: $? = 0
configure:39507: result: 4
configure:39520: checking size of time_t
configure:39543: gcc -c -Werror-implicit-function-declaration -O2 -Wno-system-headers  -D_GNU_SOURCE    conftest.c >&5
configure:39543: $? = 0
configure:39561: result: 8
configure:39574: checking size of off_t
configure:39597: gcc -c -Werror-implicit-function-declaration -O2 -Wno-system-headers  -D_GNU_SOURCE    conftest.c >&5
configure:39597: $? = 0
configure:39615: result: 8
configure:39631: checking size of curl_off_t
configure:39656: gcc -c -Werror-implicit-function-declaration -O2 -Wno-system-headers -I./include  -D_GNU_SOURCE    conftest.c >&5
configure:39656: $? = 0
configure:39674: result: 8
configure:39687: checking size of curl_socket_t
configure:39712: gcc -c -Werror-implicit-function-declaration -O2 -Wno-system-headers -I./include  -D_GNU_SOURCE    conftest.c >&5
conftest.c: In function 'main':
conftest.c:99:9: error: duplicate case value
   99 |         case (sizeof(curl_socket_t) == 8):;
      |         ^~~~
conftest.c:98:9: note: previously used here
   98 |         case 0:
      |         ^~~~
configure:39712: $? = 1
configure: failed program was:
| /* confdefs.h */
| #define PACKAGE_NAME "curl"
| #define PACKAGE_TARNAME "curl"
| #define PACKAGE_VERSION "-"
| #define PACKAGE_STRING "curl -"
| #define PACKAGE_BUGREPORT "a suitable curl mailing list: https://curl.se/mail/"
| #define PACKAGE_URL ""
| #define HAVE_STDIO_H 1
| #define HAVE_STDLIB_H 1
| #define HAVE_STRING_H 1
| #define HAVE_INTTYPES_H 1
| #define HAVE_STDINT_H 1
| #define HAVE_STRINGS_H 1
| #define HAVE_SYS_STAT_H 1
| #define HAVE_SYS_TYPES_H 1
| #define HAVE_UNISTD_H 1
| #define STDC_HEADERS 1
| #define HAVE_STDATOMIC_H 1
| #define HAVE_ATOMIC 1
| #define PACKAGE "curl"
| #define VERSION "-"
| #define CURL_OS "x86_64-pc-linux-gnu"
| #define HAVE_DLFCN_H 1
| #define LT_OBJDIR ".libs/"
| #define HAVE_LDAP_SSL 1
| #define HAVE_SYS_TYPES_H 1
| #define HAVE_CLOCK_GETTIME_MONOTONIC 1
| #define HAVE_SYS_TYPES_H 1
| #define HAVE_CLOCK_GETTIME_MONOTONIC_RAW 1
| #define HAVE_LIBZ 1
| #define USE_IPV6 1
| #define HAVE_SOCKADDR_IN6_SIN6_SCOPE_ID 1
| #define HAVE_WRITABLE_ARGV 1
| #define HAVE_LIBSSL 1
| #define HAVE_OPENSSL_RSA_H 1
| #define USE_OPENSSL 1
| #define HAVE_OPENSSL_CRYPTO_H 1
| #define USE_OPENSSL 1
| #define HAVE_OPENSSL_PEM_H 1
| #define USE_OPENSSL 1
| #define HAVE_OPENSSL_SSL_H 1
| #define USE_OPENSSL 1
| #define HAVE_OPENSSL_ERR_H 1
| #define USE_OPENSSL 1
| #define HAVE_SSL_SET_QUIC_TLS_CBS 1
| #define HAVE_DES_ECB_ENCRYPT 1
| #define HAVE_OPENSSL_SRP 1
| #define CURL_CA_BUNDLE "/etc/ssl/certs/ca-certificates.crt"
| #define CURL_CA_PATH "/etc/ssl/certs"
| #define HAVE_LIBPSL_H 1
| #define USE_LIBPSL 1
| #define CURL_DISABLE_LDAP 1
| #define CURL_DISABLE_LDAPS 1
| #define HAVE_SYS_TYPES_H 1
| #define HAVE_SYS_SELECT_H 1
| #define HAVE_SYS_IOCTL_H 1
| #define HAVE_UNISTD_H 1
| #define HAVE_ARPA_INET_H 1
| #define HAVE_NET_IF_H 1
| #define HAVE_NETINET_IN_H 1
| #define HAVE_SYS_UN_H 1
| #define HAVE_LINUX_TCP_H 1
| #define HAVE_NETINET_TCP_H 1
| #define HAVE_NETINET_UDP_H 1
| #define HAVE_NETDB_H 1
| #define HAVE_SYS_PARAM_H 1
| #define HAVE_TERMIOS_H 1
| #define HAVE_FCNTL_H 1
| #define HAVE_PWD_H 1
| #define HAVE_UTIME_H 1
| #define HAVE_SYS_POLL_H 1
| #define HAVE_POLL_H 1
| #define HAVE_SYS_RESOURCE_H 1
| #define HAVE_LIBGEN_H 1
| #define HAVE_LOCALE_H 1
| #define HAVE_STDBOOL_H 1
| #define HAVE_SYS_EVENTFD_H 1
| #define HAVE_SYS_TYPES_H 1
| #define HAVE_STRUCT_TIMEVAL 1
| #define SIZEOF_SIZE_T 8
| #define SIZEOF_LONG 8
| #define SIZEOF_INT 4
| #define SIZEOF_TIME_T 8
| #define SIZEOF_OFF_T 8
| #define SIZEOF_CURL_OFF_T 8
| /* end confdefs.h.  */
| 
| 
|         #include <sys/types.h>
| 
| #include <curl/curl.h>
| 
| 
| int main(void)
| {
| 
|         switch(0) {
|         case 0:
|         case (sizeof(curl_socket_t) == 8):;
|         }
| 
|   return 0;
| }
| 
configure:39712: gcc -c -Werror-implicit-function-declaration -O2 -Wno-system-headers -I./include  -D_GNU_SOURCE    conftest.c >&5
configure:39712: $? = 0
configure:39730: result: 4
configure:39746: checking for ssize_t
configure:39746: gcc -c -Werror-implicit-function-declaration -O2 -Wno-system-headers  -D_GNU_SOURCE    conftest.c >&5
configure:39746: $? = 0
configure:39746: gcc -c -Werror-implicit-function-declaration -O2 -Wno-system-headers  -D_GNU_SOURCE    conftest.c >&5
conftest.c: In function 'main':
conftest.c:118:22: error: expected expression before ')' token
  118 | if (sizeof ((ssize_t)))
      |                      ^
configure:39746: $? = 1
configure: failed program was:
| /* confdefs.h */
| #define PACKAGE_NAME "curl"
| #define PACKAGE_TARNAME "curl"
| #define PACKAGE_VERSION "-"
| #define PACKAGE_STRING "curl -"
| #define PACKAGE_BUGREPORT "a suitable curl mailing list: https://curl.se/mail/"
| #define PACKAGE_URL ""
| #define HAVE_STDIO_H 1
| #define HAVE_STDLIB_H 1
| #define HAVE_STRING_H 1
| #define HAVE_INTTYPES_H 1
| #define HAVE_STDINT_H 1
| #define HAVE_STRINGS_H 1
| #define HAVE_SYS_STAT_H 1
| #define HAVE_SYS_TYPES_H 1
| #define HAVE_UNISTD_H 1
| #define STDC_HEADERS 1
| #define HAVE_STDATOMIC_H 1
| #define HAVE_ATOMIC 1
| #define PACKAGE "curl"
| #define VERSION "-"
| #define CURL_OS "x86_64-pc-linux-gnu"
| #define HAVE_DLFCN_H 1
| #define LT_OBJDIR ".libs/"
| #define HAVE_LDAP_SSL 1
| #define HAVE_SYS_TYPES_H 1
| #define HAVE_CLOCK_GETTIME_MONOTONIC 1
| #define HAVE_SYS_TYPES_H 1
| #define HAVE_CLOCK_GETTIME_MONOTONIC_RAW 1
| #define HAVE_LIBZ 1
| #define USE_IPV6 1
| #define HAVE_SOCKADDR_IN6_SIN6_SCOPE_ID 1
| #define HAVE_WRITABLE_ARGV 1
| #define HAVE_LIBSSL 1
| #define HAVE_OPENSSL_RSA_H 1
| #define USE_OPENSSL 1
| #define HAVE_OPENSSL_CRYPTO_H 1
| #define USE_OPENSSL 1
| #define HAVE_OPENSSL_PEM_H 1
| #define USE_OPENSSL 1
| #define HAVE_OPENSSL_SSL_H 1
| #define USE_OPENSSL 1
| #define HAVE_OPENSSL_ERR_H 1
| #define USE_OPENSSL 1
| #define HAVE_SSL_SET_QUIC_TLS_CBS 1
| #define HAVE_DES_ECB_ENCRYPT 1
| #define HAVE_OPENSSL_SRP 1
| #define CURL_CA_BUNDLE "/etc/ssl/certs/ca-certificates.crt"
| #define CURL_CA_PATH "/etc/ssl/certs"
| #define HAVE_LIBPSL_H 1
| #define USE_LIBPSL 1
| #define CURL_DISABLE_LDAP 1
| #define CURL_DISABLE_LDAPS 1
| #define HAVE_SYS_TYPES_H 1
| #define HAVE_SYS_SELECT_H 1
| #define HAVE_SYS_IOCTL_H 1
| #define HAVE_UNISTD_H 1
| #define HAVE_ARPA_INET_H 1
| #define HAVE_NET_IF_H 1
| #define HAVE_NETINET_IN_H 1
| #define HAVE_SYS_UN_H 1
| #define HAVE_LINUX_TCP_H 1
| #define HAVE_NETINET_TCP_H 1
| #define HAVE_NETINET_UDP_H 1
| #define HAVE_NETDB_H 1
| #define HAVE_SYS_PARAM_H 1
| #define HAVE_TERMIOS_H 1
| #define HAVE_FCNTL_H 1
| #define HAVE_PWD_H 1
| #define HAVE_UTIME_H 1
| #define HAVE_SYS_POLL_H 1
| #define HAVE_POLL_H 1
| #define HAVE_SYS_RESOURCE_H 1
| #define HAVE_LIBGEN_H 1
| #define HAVE_LOCALE_H 1
| #define HAVE_STDBOOL_H 1
| #define HAVE_SYS_EVENTFD_H 1
| #define HAVE_SYS_TYPES_H 1
| #define HAVE_STRUCT_TIMEVAL 1
| #define SIZEOF_SIZE_T 8
| #define SIZEOF_LONG 8
| #define SIZEOF_INT 4
| #define SIZEOF_TIME_T 8
| #define SIZEOF_OFF_T 8
| #define SIZEOF_CURL_OFF_T 8
| #define SIZEOF_CURL_SOCKET_T 4
| /* end confdefs.h.  */
| #include <stddef.h>
| #ifdef HAVE_STDIO_H
| # include <stdio.h>
| #endif
| #ifdef HAVE_STDLIB_H
| # include <stdlib.h>
| #endif
| #ifdef HAVE_STRING_H
| # include <string.h>
| #endif
| #ifdef HAVE_INTTYPES_H
| # include <inttypes.h>
| #endif
| #ifdef HAVE_STDINT_H
| # include <stdint.h>
| #endif
| #ifdef HAVE_STRINGS_H
| # include <strings.h>
| #endif
| #ifdef HAVE_SYS_TYPES_H
| # include <sys/types.h>
| #endif
| #ifdef HAVE_SYS_STAT_H
| # include <sys/stat.h>
| #endif
| #ifdef HAVE_UNISTD_H
| # include <unistd.h>
| #endif
| int main(void)
| {
| if (sizeof ((ssize_t)))
| 	    return 0;
|   return 0;
| }
configure:39746: result: yes
configure:39757: checking for bool
configure:39757: gcc -c -Werror-implicit-function-declaration -O2 -Wno-system-headers  -D_GNU_SOURCE    conftest.c >&5
configure:39757: $? = 0
configure:39757: gcc -c -Werror-implicit-function-declaration -O2 -Wno-system-headers  -D_GNU_SOURCE    conftest.c >&5
conftest.c: In function 'main':
conftest.c:99:19: error: expected expression before ')' token
   99 | if (sizeof ((bool)))
      |                   ^
configure:39757: $? = 1
configure: failed program was:
| /* confdefs.h */
| #define PACKAGE_NAME "curl"
| #define PACKAGE_TARNAME "curl"
| #define PACKAGE_VERSION "-"
| #define PACKAGE_STRING "curl -"
| #define PACKAGE_BUGREPORT "a suitable curl mailing list: https://curl.se/mail/"
| #define PACKAGE_URL ""
| #define HAVE_STDIO_H 1
| #define HAVE_STDLIB_H 1
| #define HAVE_STRING_H 1
| #define HAVE_INTTYPES_H 1
| #define HAVE_STDINT_H 1
| #define HAVE_STRINGS_H 1
| #define HAVE_SYS_STAT_H 1
| #define HAVE_SYS_TYPES_H 1
| #define HAVE_UNISTD_H 1
| #define STDC_HEADERS 1
| #define HAVE_STDATOMIC_H 1
| #define HAVE_ATOMIC 1
| #define PACKAGE "curl"
| #define VERSION "-"
| #define CURL_OS "x86_64-pc-linux-gnu"
| #define HAVE_DLFCN_H 1
| #define LT_OBJDIR ".libs/"
| #define HAVE_LDAP_SSL 1
| #define HAVE_SYS_TYPES_H 1
| #define HAVE_CLOCK_GETTIME_MONOTONIC 1
| #define HAVE_SYS_TYPES_H 1
| #define HAVE_CLOCK_GETTIME_MONOTONIC_RAW 1
| #define HAVE_LIBZ 1
| #define USE_IPV6 1
| #define HAVE_SOCKADDR_IN6_SIN6_SCOPE_ID 1
| #define HAVE_WRITABLE_ARGV 1
| #define HAVE_LIBSSL 1
| #define HAVE_OPENSSL_RSA_H 1
| #define USE_OPENSSL 1
| #define HAVE_OPENSSL_CRYPTO_H 1
| #define USE_OPENSSL 1
| #define HAVE_OPENSSL_PEM_H 1
| #define USE_OPENSSL 1
| #define HAVE_OPENSSL_SSL_H 1
| #define USE_OPENSSL 1
| #define HAVE_OPENSSL_ERR_H 1
| #define USE_OPENSSL 1
| #define HAVE_SSL_SET_QUIC_TLS_CBS 1
| #define HAVE_DES_ECB_ENCRYPT 1
| #define HAVE_OPENSSL_SRP 1
| #define CURL_CA_BUNDLE "/etc/ssl/certs/ca-certificates.crt"
| #define CURL_CA_PATH "/etc/ssl/certs"
| #define HAVE_LIBPSL_H 1
| #define USE_LIBPSL 1
| #define CURL_DISABLE_LDAP 1
| #define CURL_DISABLE_LDAPS 1
| #define HAVE_SYS_TYPES_H 1
| #define HAVE_SYS_SELECT_H 1
| #define HAVE_SYS_IOCTL_H 1
| #define HAVE_UNISTD_H 1
| #define HAVE_ARPA_INET_H 1
| #define HAVE_NET_IF_H 1
| #define HAVE_NETINET_IN_H 1
| #define HAVE_SYS_UN_H 1
| #define HAVE_LINUX_TCP_H 1
| #define HAVE_NETINET_TCP_H 1
| #define HAVE_NETINET_UDP_H 1
| #define HAVE_NETDB_H 1
| #define HAVE_SYS_PARAM_H 1
| #define HAVE_TERMIOS_H 1
| #define HAVE_FCNTL_H 1
| #define HAVE_PWD_H 1
| #define HAVE_UTIME_H 1
| #define HAVE_SYS_POLL_H 1
| #define HAVE_POLL_H 1
| #define HAVE_SYS_RESOURCE_H 1
| #define HAVE_LIBGEN_H 1
| #define HAVE_LOCALE_H 1
| #define HAVE_STDBOOL_H 1
| #define HAVE_SYS_EVENTFD_H 1
| #define HAVE_SYS_TYPES_H 1
| #define HAVE_STRUCT_TIMEVAL 1
| #define SIZEOF_SIZE_T 8
| #define SIZEOF_LONG 8
| #define SIZEOF_INT 4
| #define SIZEOF_TIME_T 8
| #define SIZEOF_OFF_T 8
| #define SIZEOF_CURL_OFF_T 8
| #define SIZEOF_CURL_SOCKET_T 4
| /* end confdefs.h.  */
| 
| #ifdef HAVE_SYS_TYPES_H
| #include <sys/types.h>
| #endif
| #ifdef HAVE_STDBOOL_H
| #include <stdbool.h>
| #endif
| 
| 
| int main(void)
| {
| if (sizeof ((bool)))
| 	    return 0;
|   return 0;
| }
configure:39757: result: yes
configure:39777: checking for sa_family_t
configure:39777: gcc -c -Werror-implicit-function-declaration -O2 -Wno-system-headers  -D_GNU_SOURCE    conftest.c >&5
configure:39777: $? = 0
configure:39777: gcc -c -Werror-implicit-function-declaration -O2 -Wno-system-headers  -D_GNU_SOURCE    conftest.c >&5
conftest.c: In function 'main':
conftest.c:95:26: error: expected expression before ')' token
   95 | if (sizeof ((sa_family_t)))
      |                          ^
configure:39777: $? = 1
configure: failed program was:
| /* confdefs.h */
| #define PACKAGE_NAME "curl"
| #define PACKAGE_TARNAME "curl"
| #define PACKAGE_VERSION "-"
| #define PACKAGE_STRING "curl -"
| #define PACKAGE_BUGREPORT "a suitable curl mailing list: https://curl.se/mail/"
| #define PACKAGE_URL ""
| #define HAVE_STDIO_H 1
| #define HAVE_STDLIB_H 1
| #define HAVE_STRING_H 1
| #define HAVE_INTTYPES_H 1
| #define HAVE_STDINT_H 1
| #define HAVE_STRINGS_H 1
| #define HAVE_SYS_STAT_H 1
| #define HAVE_SYS_TYPES_H 1
| #define HAVE_UNISTD_H 1
| #define STDC_HEADERS 1
| #define HAVE_STDATOMIC_H 1
| #define HAVE_ATOMIC 1
| #define PACKAGE "curl"
| #define VERSION "-"
| #define CURL_OS "x86_64-pc-linux-gnu"
| #define HAVE_DLFCN_H 1
| #define LT_OBJDIR ".libs/"
| #define HAVE_LDAP_SSL 1
| #define HAVE_SYS_TYPES_H 1
| #define HAVE_CLOCK_GETTIME_MONOTONIC 1
| #define HAVE_SYS_TYPES_H 1
| #define HAVE_CLOCK_GETTIME_MONOTONIC_RAW 1
| #define HAVE_LIBZ 1
| #define USE_IPV6 1
| #define HAVE_SOCKADDR_IN6_SIN6_SCOPE_ID 1
| #define HAVE_WRITABLE_ARGV 1
| #define HAVE_LIBSSL 1
| #define HAVE_OPENSSL_RSA_H 1
| #define USE_OPENSSL 1
| #define HAVE_OPENSSL_CRYPTO_H 1
| #define USE_OPENSSL 1
| #define HAVE_OPENSSL_PEM_H 1
| #define USE_OPENSSL 1
| #define HAVE_OPENSSL_SSL_H 1
| #define USE_OPENSSL 1
| #define HAVE_OPENSSL_ERR_H 1
| #define USE_OPENSSL 1
| #define HAVE_SSL_SET_QUIC_TLS_CBS 1
| #define HAVE_DES_ECB_ENCRYPT 1
| #define HAVE_OPENSSL_SRP 1
| #define CURL_CA_BUNDLE "/etc/ssl/certs/ca-certificates.crt"
| #define CURL_CA_PATH "/etc/ssl/certs"
| #define HAVE_LIBPSL_H 1
| #define USE_LIBPSL 1
| #define CURL_DISABLE_LDAP 1
| #define CURL_DISABLE_LDAPS 1
| #define HAVE_SYS_TYPES_H 1
| #define HAVE_SYS_SELECT_H 1
| #define HAVE_SYS_IOCTL_H 1
| #define HAVE_UNISTD_H 1
| #define HAVE_ARPA_INET_H 1
| #define HAVE_NET_IF_H 1
| #define HAVE_NETINET_IN_H 1
| #define HAVE_SYS_UN_H 1
| #define HAVE_LINUX_TCP_H 1
| #define HAVE_NETINET_TCP_H 1
| #define HAVE_NETINET_UDP_H 1
| #define HAVE_NETDB_H 1
| #define HAVE_SYS_PARAM_H 1
| #define HAVE_TERMIOS_H 1
| #define HAVE_FCNTL_H 1
| #define HAVE_PWD_H 1
| #define HAVE_UTIME_H 1
| #define HAVE_SYS_POLL_H 1
| #define HAVE_POLL_H 1
| #define HAVE_SYS_RESOURCE_H 1
| #define HAVE_LIBGEN_H 1
| #define HAVE_LOCALE_H 1
| #define HAVE_STDBOOL_H 1
| #define HAVE_SYS_EVENTFD_H 1
| #define HAVE_SYS_TYPES_H 1
| #define HAVE_STRUCT_TIMEVAL 1
| #define SIZEOF_SIZE_T 8
| #define SIZEOF_LONG 8
| #define SIZEOF_INT 4
| #define SIZEOF_TIME_T 8
| #define SIZEOF_OFF_T 8
| #define SIZEOF_CURL_OFF_T 8
| #define SIZEOF_CURL_SOCKET_T 4
| #define HAVE_BOOL_T 1
| /* end confdefs.h.  */
| 
|   #include <sys/socket.h>
| 
| 
| int main(void)
| {
| if (sizeof ((sa_family_t)))
| 	    return 0;
|   return 0;
| }
configure:39777: result: yes
configure:39790: checking for suseconds_t
configure:39790: gcc -c -Werror-implicit-function-declaration -O2 -Wno-system-headers  -D_GNU_SOURCE    conftest.c >&5
configure:39790: $? = 0
configure:39790: gcc -c -Werror-implicit-function-declaration -O2 -Wno-system-headers  -D_GNU_SOURCE    conftest.c >&5
conftest.c: In function 'main':
conftest.c:101:26: error: expected expression before ')' token
  101 | if (sizeof ((suseconds_t)))
      |                          ^
configure:39790: $? = 1
configure: failed program was:
| /* confdefs.h */
| #define PACKAGE_NAME "curl"
| #define PACKAGE_TARNAME "curl"
| #define PACKAGE_VERSION "-"
| #define PACKAGE_STRING "curl -"
| #define PACKAGE_BUGREPORT "a suitable curl mailing list: https://curl.se/mail/"
| #define PACKAGE_URL ""
| #define HAVE_STDIO_H 1
| #define HAVE_STDLIB_H 1
| #define HAVE_STRING_H 1
| #define HAVE_INTTYPES_H 1
| #define HAVE_STDINT_H 1
| #define HAVE_STRINGS_H 1
| #define HAVE_SYS_STAT_H 1
| #define HAVE_SYS_TYPES_H 1
| #define HAVE_UNISTD_H 1
| #define STDC_HEADERS 1
| #define HAVE_STDATOMIC_H 1
| #define HAVE_ATOMIC 1
| #define PACKAGE "curl"
| #define VERSION "-"
| #define CURL_OS "x86_64-pc-linux-gnu"
| #define HAVE_DLFCN_H 1
| #define LT_OBJDIR ".libs/"
| #define HAVE_LDAP_SSL 1
| #define HAVE_SYS_TYPES_H 1
| #define HAVE_CLOCK_GETTIME_MONOTONIC 1
| #define HAVE_SYS_TYPES_H 1
| #define HAVE_CLOCK_GETTIME_MONOTONIC_RAW 1
| #define HAVE_LIBZ 1
| #define USE_IPV6 1
| #define HAVE_SOCKADDR_IN6_SIN6_SCOPE_ID 1
| #define HAVE_WRITABLE_ARGV 1
| #define HAVE_LIBSSL 1
| #define HAVE_OPENSSL_RSA_H 1
| #define USE_OPENSSL 1
| #define HAVE_OPENSSL_CRYPTO_H 1
| #define USE_OPENSSL 1
| #define HAVE_OPENSSL_PEM_H 1
| #define USE_OPENSSL 1
| #define HAVE_OPENSSL_SSL_H 1
| #define USE_OPENSSL 1
| #define HAVE_OPENSSL_ERR_H 1
| #define USE_OPENSSL 1
| #define HAVE_SSL_SET_QUIC_TLS_CBS 1
| #define HAVE_DES_ECB_ENCRYPT 1
| #define HAVE_OPENSSL_SRP 1
| #define CURL_CA_BUNDLE "/etc/ssl/certs/ca-certificates.crt"
| #define CURL_CA_PATH "/etc/ssl/certs"
| #define HAVE_LIBPSL_H 1
| #define USE_LIBPSL 1
| #define CURL_DISABLE_LDAP 1
| #define CURL_DISABLE_LDAPS 1
| #define HAVE_SYS_TYPES_H 1
| #define HAVE_SYS_SELECT_H 1
| #define HAVE_SYS_IOCTL_H 1
| #define HAVE_UNISTD_H 1
| #define HAVE_ARPA_INET_H 1
| #define HAVE_NET_IF_H 1
| #define HAVE_NETINET_IN_H 1
| #define HAVE_SYS_UN_H 1
| #define HAVE_LINUX_TCP_H 1
| #define HAVE_NETINET_TCP_H 1
| #define HAVE_NETINET_UDP_H 1
| #define HAVE_NETDB_H 1
| #define HAVE_SYS_PARAM_H 1
| #define HAVE_TERMIOS_H 1
| #define HAVE_FCNTL_H 1
| #define HAVE_PWD_H 1
| #define HAVE_UTIME_H 1
| #define HAVE_SYS_POLL_H 1
| #define HAVE_POLL_H 1
| #define HAVE_SYS_RESOURCE_H 1
| #define HAVE_LIBGEN_H 1
| #define HAVE_LOCALE_H 1
| #define HAVE_STDBOOL_H 1
| #define HAVE_SYS_EVENTFD_H 1
| #define HAVE_SYS_TYPES_H 1
| #define HAVE_STRUCT_TIMEVAL 1
| #define SIZEOF_SIZE_T 8
| #define SIZEOF_LONG 8
| #define SIZEOF_INT 4
| #define SIZEOF_TIME_T 8
| #define SIZEOF_OFF_T 8
| #define SIZEOF_CURL_OFF_T 8
| #define SIZEOF_CURL_SOCKET_T 4
| #define HAVE_BOOL_T 1
| #define HAVE_SA_FAMILY_T 1
| /* end confdefs.h.  */
| 
| #ifdef HAVE_SYS_TYPES_H
| #include <sys/types.h>
| #endif
| #ifndef _WIN32
| #include <sys/time.h>
| #endif
| 
| 
| int main(void)
| {
| if (sizeof ((suseconds_t)))
| 	    return 0;
|   return 0;
| }
configure:39790: result: yes
configure:39816: checking if time_t is unsigned
configure:39875: sh ./run-compiler -o conftest -Werror-implicit-function-declaration -O2 -Wno-system-headers  -D_GNU_SOURCE        conftest.c -lpsl -lssl -lcrypto -lssl -lcrypto -lz  >&5
configure:39875: $? = 0
configure:39875: ./conftest
configure:39875: $? = 1
configure: program exited with status 1
configure: failed program was:
| /* confdefs.h */
| #define PACKAGE_NAME "curl"
| #define PACKAGE_TARNAME "curl"
| #define PACKAGE_VERSION "-"
| #define PACKAGE_STRING "curl -"
| #define PACKAGE_BUGREPORT "a suitable curl mailing list: https://curl.se/mail/"
| #define PACKAGE_URL ""
| #define HAVE_STDIO_H 1
| #define HAVE_STDLIB_H 1
| #define HAVE_STRING_H 1
| #define HAVE_INTTYPES_H 1
| #define HAVE_STDINT_H 1
| #define HAVE_STRINGS_H 1
| #define HAVE_SYS_STAT_H 1
| #define HAVE_SYS_TYPES_H 1
| #define HAVE_UNISTD_H 1
| #define STDC_HEADERS 1
| #define HAVE_STDATOMIC_H 1
| #define HAVE_ATOMIC 1
| #define PACKAGE "curl"
| #define VERSION "-"
| #define CURL_OS "x86_64-pc-linux-gnu"
| #define HAVE_DLFCN_H 1
| #define LT_OBJDIR ".libs/"
| #define HAVE_LDAP_SSL 1
| #define HAVE_SYS_TYPES_H 1
| #define HAVE_CLOCK_GETTIME_MONOTONIC 1
| #define HAVE_SYS_TYPES_H 1
| #define HAVE_CLOCK_GETTIME_MONOTONIC_RAW 1
| #define HAVE_LIBZ 1
| #define USE_IPV6 1
| #define HAVE_SOCKADDR_IN6_SIN6_SCOPE_ID 1
| #define HAVE_WRITABLE_ARGV 1
| #define HAVE_LIBSSL 1
| #define HAVE_OPENSSL_RSA_H 1
| #define USE_OPENSSL 1
| #define HAVE_OPENSSL_CRYPTO_H 1
| #define USE_OPENSSL 1
| #define HAVE_OPENSSL_PEM_H 1
| #define USE_OPENSSL 1
| #define HAVE_OPENSSL_SSL_H 1
| #define USE_OPENSSL 1
| #define HAVE_OPENSSL_ERR_H 1
| #define USE_OPENSSL 1
| #define HAVE_SSL_SET_QUIC_TLS_CBS 1
| #define HAVE_DES_ECB_ENCRYPT 1
| #define HAVE_OPENSSL_SRP 1
| #define CURL_CA_BUNDLE "/etc/ssl/certs/ca-certificates.crt"
| #define CURL_CA_PATH "/etc/ssl/certs"
| #define HAVE_LIBPSL_H 1
| #define USE_LIBPSL 1
| #define CURL_DISABLE_LDAP 1
| #define CURL_DISABLE_LDAPS 1
| #define HAVE_SYS_TYPES_H 1
| #define HAVE_SYS_SELECT_H 1
| #define HAVE_SYS_IOCTL_H 1
| #define HAVE_UNISTD_H 1
| #define HAVE_ARPA_INET_H 1
| #define HAVE_NET_IF_H 1
| #define HAVE_NETINET_IN_H 1
| #define HAVE_SYS_UN_H 1
| #define HAVE_LINUX_TCP_H 1
| #define HAVE_NETINET_TCP_H 1
| #define HAVE_NETINET_UDP_H 1
| #define HAVE_NETDB_H 1
| #define HAVE_SYS_PARAM_H 1
| #define HAVE_TERMIOS_H 1
| #define HAVE_FCNTL_H 1
| #define HAVE_PWD_H 1
| #define HAVE_UTIME_H 1
| #define HAVE_SYS_POLL_H 1
| #define HAVE_POLL_H 1
| #define HAVE_SYS_RESOURCE_H 1
| #define HAVE_LIBGEN_H 1
| #define HAVE_LOCALE_H 1
| #define HAVE_STDBOOL_H 1
| #define HAVE_SYS_EVENTFD_H 1
| #define HAVE_SYS_TYPES_H 1
| #define HAVE_STRUCT_TIMEVAL 1
| #define SIZEOF_SIZE_T 8
| #define SIZEOF_LONG 8
| #define SIZEOF_INT 4
| #define SIZEOF_TIME_T 8
| #define SIZEOF_OFF_T 8
| #define SIZEOF_CURL_OFF_T 8
| #define SIZEOF_CURL_SOCKET_T 4
| #define HAVE_BOOL_T 1
| #define HAVE_SA_FAMILY_T 1
| #define HAVE_SUSECONDS_T 1
| /* end confdefs.h.  */
| 
|       #include <time.h>
|       int main(void) {
|         time_t t = -1;
|         return t < 0;
|       }
| 
configure:39884: result: no
configure:39901: checking for struct sockaddr_storage
configure:39901: gcc -c -Werror-implicit-function-declaration -O2 -Wno-system-headers  -D_GNU_SOURCE    conftest.c >&5
configure:39901: $? = 0
configure:39901: gcc -c -Werror-implicit-function-declaration -O2 -Wno-system-headers  -D_GNU_SOURCE    conftest.c >&5
conftest.c: In function 'main':
conftest.c:114:38: error: expected expression before ')' token
  114 | if (sizeof ((struct sockaddr_storage)))
      |                                      ^
configure:39901: $? = 1
configure: failed program was:
| /* confdefs.h */
| #define PACKAGE_NAME "curl"
| #define PACKAGE_TARNAME "curl"
| #define PACKAGE_VERSION "-"
| #define PACKAGE_STRING "curl -"
| #define PACKAGE_BUGREPORT "a suitable curl mailing list: https://curl.se/mail/"
| #define PACKAGE_URL ""
| #define HAVE_STDIO_H 1
| #define HAVE_STDLIB_H 1
| #define HAVE_STRING_H 1
| #define HAVE_INTTYPES_H 1
| #define HAVE_STDINT_H 1
| #define HAVE_STRINGS_H 1
| #define HAVE_SYS_STAT_H 1
| #define HAVE_SYS_TYPES_H 1
| #define HAVE_UNISTD_H 1
| #define STDC_HEADERS 1
| #define HAVE_STDATOMIC_H 1
| #define HAVE_ATOMIC 1
| #define PACKAGE "curl"
| #define VERSION "-"
| #define CURL_OS "x86_64-pc-linux-gnu"
| #define HAVE_DLFCN_H 1
| #define LT_OBJDIR ".libs/"
| #define HAVE_LDAP_SSL 1
| #define HAVE_SYS_TYPES_H 1
| #define HAVE_CLOCK_GETTIME_MONOTONIC 1
| #define HAVE_SYS_TYPES_H 1
| #define HAVE_CLOCK_GETTIME_MONOTONIC_RAW 1
| #define HAVE_LIBZ 1
| #define USE_IPV6 1
| #define HAVE_SOCKADDR_IN6_SIN6_SCOPE_ID 1
| #define HAVE_WRITABLE_ARGV 1
| #define HAVE_LIBSSL 1
| #define HAVE_OPENSSL_RSA_H 1
| #define USE_OPENSSL 1
| #define HAVE_OPENSSL_CRYPTO_H 1
| #define USE_OPENSSL 1
| #define HAVE_OPENSSL_PEM_H 1
| #define USE_OPENSSL 1
| #define HAVE_OPENSSL_SSL_H 1
| #define USE_OPENSSL 1
| #define HAVE_OPENSSL_ERR_H 1
| #define USE_OPENSSL 1
| #define HAVE_SSL_SET_QUIC_TLS_CBS 1
| #define HAVE_DES_ECB_ENCRYPT 1
| #define HAVE_OPENSSL_SRP 1
| #define CURL_CA_BUNDLE "/etc/ssl/certs/ca-certificates.crt"
| #define CURL_CA_PATH "/etc/ssl/certs"
| #define HAVE_LIBPSL_H 1
| #define USE_LIBPSL 1
| #define CURL_DISABLE_LDAP 1
| #define CURL_DISABLE_LDAPS 1
| #define HAVE_SYS_TYPES_H 1
| #define HAVE_SYS_SELECT_H 1
| #define HAVE_SYS_IOCTL_H 1
| #define HAVE_UNISTD_H 1
| #define HAVE_ARPA_INET_H 1
| #define HAVE_NET_IF_H 1
| #define HAVE_NETINET_IN_H 1
| #define HAVE_SYS_UN_H 1
| #define HAVE_LINUX_TCP_H 1
| #define HAVE_NETINET_TCP_H 1
| #define HAVE_NETINET_UDP_H 1
| #define HAVE_NETDB_H 1
| #define HAVE_SYS_PARAM_H 1
| #define HAVE_TERMIOS_H 1
| #define HAVE_FCNTL_H 1
| #define HAVE_PWD_H 1
| #define HAVE_UTIME_H 1
| #define HAVE_SYS_POLL_H 1
| #define HAVE_POLL_H 1
| #define HAVE_SYS_RESOURCE_H 1
| #define HAVE_LIBGEN_H 1
| #define HAVE_LOCALE_H 1
| #define HAVE_STDBOOL_H 1
| #define HAVE_SYS_EVENTFD_H 1
| #define HAVE_SYS_TYPES_H 1
| #define HAVE_STRUCT_TIMEVAL 1
| #define SIZEOF_SIZE_T 8
| #define SIZEOF_LONG 8
| #define SIZEOF_INT 4
| #define SIZEOF_TIME_T 8
| #define SIZEOF_OFF_T 8
| #define SIZEOF_CURL_OFF_T 8
| #define SIZEOF_CURL_SOCKET_T 4
| #define HAVE_BOOL_T 1
| #define HAVE_SA_FAMILY_T 1
| #define HAVE_SUSECONDS_T 1
| /* end confdefs.h.  */
| 
|      #undef inline
|      #ifdef _WIN32
|      #ifndef WIN32_LEAN_AND_MEAN
|      #define WIN32_LEAN_AND_MEAN
|      #endif
|      #include <winsock2.h>
|      #else
|      #ifdef HAVE_SYS_TYPES_H
|      #include <sys/types.h>
|      #endif
|      #include <sys/socket.h>
|      #ifdef HAVE_NETINET_IN_H
|      #include <netinet/in.h>
|      #endif
|      #ifdef HAVE_ARPA_INET_H
|      #include <arpa/inet.h>
|      #endif
|      #endif
| 
| 
| int main(void)
| {
| if (sizeof ((struct sockaddr_storage)))
| 	    return 0;
|   return 0;
| }
configure:39901: result: yes
configure:39934: checking for sys/select.h
configure:39934: result: yes
configure:39942: checking for select
configure:39980: gcc -o conftest -Werror-implicit-function-declaration -O2 -Wno-system-headers  -D_GNU_SOURCE        conftest.c -lpsl -lssl -lcrypto -lssl -lcrypto -lz  >&5
configure:39980: $? = 0
configure:39983: result: yes
configure:40008: checking for sys/types.h
configure:40008: result: yes
configure:40016: checking for recv
configure:40045: gcc -o conftest -Werror-implicit-function-declaration -O2 -Wno-system-headers  -D_GNU_SOURCE        conftest.c -lpsl -lssl -lcrypto -lssl -lcrypto -lz  >&5
configure:40045: $? = 0
configure:40048: result: yes
configure:40074: checking for sys/types.h
configure:40074: result: yes
configure:40082: checking for send
configure:40112: gcc -o conftest -Werror-implicit-function-declaration -O2 -Wno-system-headers  -D_GNU_SOURCE        conftest.c -lpsl -lssl -lcrypto -lssl -lcrypto -lz  >&5
configure:40112: $? = 0
configure:40115: result: yes
configure:40149: checking for sys/types.h
configure:40149: result: yes
configure:40156: checking for unistd.h
configure:40156: result: yes
configure:40173: checking if alarm can be linked
configure:40201: gcc -o conftest -Werror-implicit-function-declaration -O2 -Wno-system-headers  -D_GNU_SOURCE        conftest.c -lpsl -lssl -lcrypto -lssl -lcrypto -lz  >&5
configure:40201: $? = 0
configure:40204: result: yes
configure:40219: checking if alarm is prototyped
configure:40231: result: yes
configure:40247: checking if alarm is compilable
configure:40265: gcc -c -Werror-implicit-function-declaration -O2 -Wno-system-headers  -D_GNU_SOURCE    conftest.c >&5
configure:40265: $? = 0
configure:40268: result: yes
configure:40283: checking if alarm usage allowed
configure:40286: result: yes
configure:40296: checking if alarm might be used
configure:40302: result: yes
configure:40325: checking for sys/types.h
configure:40325: result: yes
configure:40332: checking for strings.h
configure:40332: result: yes
configure:40351: checking for sys/types.h
configure:40351: result: yes
configure:40358: checking for libgen.h
configure:40358: result: yes
configure:40377: checking if basename can be linked
configure:40405: gcc -o conftest -Werror-implicit-function-declaration -O2 -Wno-system-headers  -D_GNU_SOURCE        conftest.c -lpsl -lssl -lcrypto -lssl -lcrypto -lz  >&5
configure:40405: $? = 0
configure:40408: result: yes
configure:40423: checking if basename is prototyped
configure:40437: result: yes
configure:40453: checking if basename is compilable
configure:40473: gcc -c -Werror-implicit-function-declaration -O2 -Wno-system-headers  -D_GNU_SOURCE    conftest.c >&5
configure:40473: $? = 0
configure:40476: result: yes
configure:40491: checking if basename usage allowed
configure:40494: result: yes
configure:40504: checking if basename might be used
configure:40510: result: yes
configure:40530: checking if closesocket can be linked
configure:40548: gcc -o conftest -Werror-implicit-function-declaration -O2 -Wno-system-headers  -D_GNU_SOURCE        conftest.c -lpsl -lssl -lcrypto -lssl -lcrypto -lz  >&5
conftest.c: In function 'main':
conftest.c:120:10: error: implicit declaration of function 'closesocket' [-Wimplicit-function-declaration]
  120 |       if(closesocket(0) != 0)
      |          ^~~~~~~~~~~
configure:40548: $? = 1
configure: failed program was:
| /* confdefs.h */
| #define PACKAGE_NAME "curl"
| #define PACKAGE_TARNAME "curl"
| #define PACKAGE_VERSION "-"
| #define PACKAGE_STRING "curl -"
| #define PACKAGE_BUGREPORT "a suitable curl mailing list: https://curl.se/mail/"
| #define PACKAGE_URL ""
| #define HAVE_STDIO_H 1
| #define HAVE_STDLIB_H 1
| #define HAVE_STRING_H 1
| #define HAVE_INTTYPES_H 1
| #define HAVE_STDINT_H 1
| #define HAVE_STRINGS_H 1
| #define HAVE_SYS_STAT_H 1
| #define HAVE_SYS_TYPES_H 1
| #define HAVE_UNISTD_H 1
| #define STDC_HEADERS 1
| #define HAVE_STDATOMIC_H 1
| #define HAVE_ATOMIC 1
| #define PACKAGE "curl"
| #define VERSION "-"
| #define CURL_OS "x86_64-pc-linux-gnu"
| #define HAVE_DLFCN_H 1
| #define LT_OBJDIR ".libs/"
| #define HAVE_LDAP_SSL 1
| #define HAVE_SYS_TYPES_H 1
| #define HAVE_CLOCK_GETTIME_MONOTONIC 1
| #define HAVE_SYS_TYPES_H 1
| #define HAVE_CLOCK_GETTIME_MONOTONIC_RAW 1
| #define HAVE_LIBZ 1
| #define USE_IPV6 1
| #define HAVE_SOCKADDR_IN6_SIN6_SCOPE_ID 1
| #define HAVE_WRITABLE_ARGV 1
| #define HAVE_LIBSSL 1
| #define HAVE_OPENSSL_RSA_H 1
| #define USE_OPENSSL 1
| #define HAVE_OPENSSL_CRYPTO_H 1
| #define USE_OPENSSL 1
| #define HAVE_OPENSSL_PEM_H 1
| #define USE_OPENSSL 1
| #define HAVE_OPENSSL_SSL_H 1
| #define USE_OPENSSL 1
| #define HAVE_OPENSSL_ERR_H 1
| #define USE_OPENSSL 1
| #define HAVE_SSL_SET_QUIC_TLS_CBS 1
| #define HAVE_DES_ECB_ENCRYPT 1
| #define HAVE_OPENSSL_SRP 1
| #define CURL_CA_BUNDLE "/etc/ssl/certs/ca-certificates.crt"
| #define CURL_CA_PATH "/etc/ssl/certs"
| #define HAVE_LIBPSL_H 1
| #define USE_LIBPSL 1
| #define CURL_DISABLE_LDAP 1
| #define CURL_DISABLE_LDAPS 1
| #define HAVE_SYS_TYPES_H 1
| #define HAVE_SYS_SELECT_H 1
| #define HAVE_SYS_IOCTL_H 1
| #define HAVE_UNISTD_H 1
| #define HAVE_ARPA_INET_H 1
| #define HAVE_NET_IF_H 1
| #define HAVE_NETINET_IN_H 1
| #define HAVE_SYS_UN_H 1
| #define HAVE_LINUX_TCP_H 1
| #define HAVE_NETINET_TCP_H 1
| #define HAVE_NETINET_UDP_H 1
| #define HAVE_NETDB_H 1
| #define HAVE_SYS_PARAM_H 1
| #define HAVE_TERMIOS_H 1
| #define HAVE_FCNTL_H 1
| #define HAVE_PWD_H 1
| #define HAVE_UTIME_H 1
| #define HAVE_SYS_POLL_H 1
| #define HAVE_POLL_H 1
| #define HAVE_SYS_RESOURCE_H 1
| #define HAVE_LIBGEN_H 1
| #define HAVE_LOCALE_H 1
| #define HAVE_STDBOOL_H 1
| #define HAVE_SYS_EVENTFD_H 1
| #define HAVE_SYS_TYPES_H 1
| #define HAVE_STRUCT_TIMEVAL 1
| #define SIZEOF_SIZE_T 8
| #define SIZEOF_LONG 8
| #define SIZEOF_INT 4
| #define SIZEOF_TIME_T 8
| #define SIZEOF_OFF_T 8
| #define SIZEOF_CURL_OFF_T 8
| #define SIZEOF_CURL_SOCKET_T 4
| #define HAVE_BOOL_T 1
| #define HAVE_SA_FAMILY_T 1
| #define HAVE_SUSECONDS_T 1
| #define HAVE_STRUCT_SOCKADDR_STORAGE 1
| #define HAVE_SYS_SELECT_H 1
| #define HAVE_SELECT 1
| #define HAVE_SYS_TYPES_H 1
| #define HAVE_RECV 1
| #define HAVE_SYS_TYPES_H 1
| #define HAVE_SEND 1
| #define HAVE_SYS_TYPES_H 1
| #define HAVE_UNISTD_H 1
| #define HAVE_ALARM 1
| #define HAVE_SYS_TYPES_H 1
| #define HAVE_STRINGS_H 1
| #define HAVE_SYS_TYPES_H 1
| #define HAVE_LIBGEN_H 1
| #define HAVE_BASENAME 1
| /* end confdefs.h.  */
| 
| 
|       /* includes start */
| #ifdef _WIN32
| #  ifndef WIN32_LEAN_AND_MEAN
| #  define WIN32_LEAN_AND_MEAN
| #  endif
| #  include <winsock2.h>
| #endif
| /* includes end */
| 
| int main(void)
| {
| 
|       if(closesocket(0) != 0)
|         return 1;
| 
|   return 0;
| }
| 
configure:40557: result: no
configure:40643: checking if closesocket might be used
configure:40656: result: no
configure:40671: checking for sys/types.h
configure:40671: result: yes
configure:40688: checking if CloseSocket can be linked
configure:40707: gcc -o conftest -Werror-implicit-function-declaration -O2 -Wno-system-headers  -D_GNU_SOURCE        conftest.c -lpsl -lssl -lcrypto -lssl -lcrypto -lz  >&5
conftest.c: In function 'main':
conftest.c:137:10: error: implicit declaration of function 'CloseSocket' [-Wimplicit-function-declaration]
  137 |       if(CloseSocket(0) != 0)
      |          ^~~~~~~~~~~
configure:40707: $? = 1
configure: failed program was:
| /* confdefs.h */
| #define PACKAGE_NAME "curl"
| #define PACKAGE_TARNAME "curl"
| #define PACKAGE_VERSION "-"
| #define PACKAGE_STRING "curl -"
| #define PACKAGE_BUGREPORT "a suitable curl mailing list: https://curl.se/mail/"
| #define PACKAGE_URL ""
| #define HAVE_STDIO_H 1
| #define HAVE_STDLIB_H 1
| #define HAVE_STRING_H 1
| #define HAVE_INTTYPES_H 1
| #define HAVE_STDINT_H 1
| #define HAVE_STRINGS_H 1
| #define HAVE_SYS_STAT_H 1
| #define HAVE_SYS_TYPES_H 1
| #define HAVE_UNISTD_H 1
| #define STDC_HEADERS 1
| #define HAVE_STDATOMIC_H 1
| #define HAVE_ATOMIC 1
| #define PACKAGE "curl"
| #define VERSION "-"
| #define CURL_OS "x86_64-pc-linux-gnu"
| #define HAVE_DLFCN_H 1
| #define LT_OBJDIR ".libs/"
| #define HAVE_LDAP_SSL 1
| #define HAVE_SYS_TYPES_H 1
| #define HAVE_CLOCK_GETTIME_MONOTONIC 1
| #define HAVE_SYS_TYPES_H 1
| #define HAVE_CLOCK_GETTIME_MONOTONIC_RAW 1
| #define HAVE_LIBZ 1
| #define USE_IPV6 1
| #define HAVE_SOCKADDR_IN6_SIN6_SCOPE_ID 1
| #define HAVE_WRITABLE_ARGV 1
| #define HAVE_LIBSSL 1
| #define HAVE_OPENSSL_RSA_H 1
| #define USE_OPENSSL 1
| #define HAVE_OPENSSL_CRYPTO_H 1
| #define USE_OPENSSL 1
| #define HAVE_OPENSSL_PEM_H 1
| #define USE_OPENSSL 1
| #define HAVE_OPENSSL_SSL_H 1
| #define USE_OPENSSL 1
| #define HAVE_OPENSSL_ERR_H 1
| #define USE_OPENSSL 1
| #define HAVE_SSL_SET_QUIC_TLS_CBS 1
| #define HAVE_DES_ECB_ENCRYPT 1
| #define HAVE_OPENSSL_SRP 1
| #define CURL_CA_BUNDLE "/etc/ssl/certs/ca-certificates.crt"
| #define CURL_CA_PATH "/etc/ssl/certs"
| #define HAVE_LIBPSL_H 1
| #define USE_LIBPSL 1
| #define CURL_DISABLE_LDAP 1
| #define CURL_DISABLE_LDAPS 1
| #define HAVE_SYS_TYPES_H 1
| #define HAVE_SYS_SELECT_H 1
| #define HAVE_SYS_IOCTL_H 1
| #define HAVE_UNISTD_H 1
| #define HAVE_ARPA_INET_H 1
| #define HAVE_NET_IF_H 1
| #define HAVE_NETINET_IN_H 1
| #define HAVE_SYS_UN_H 1
| #define HAVE_LINUX_TCP_H 1
| #define HAVE_NETINET_TCP_H 1
| #define HAVE_NETINET_UDP_H 1
| #define HAVE_NETDB_H 1
| #define HAVE_SYS_PARAM_H 1
| #define HAVE_TERMIOS_H 1
| #define HAVE_FCNTL_H 1
| #define HAVE_PWD_H 1
| #define HAVE_UTIME_H 1
| #define HAVE_SYS_POLL_H 1
| #define HAVE_POLL_H 1
| #define HAVE_SYS_RESOURCE_H 1
| #define HAVE_LIBGEN_H 1
| #define HAVE_LOCALE_H 1
| #define HAVE_STDBOOL_H 1
| #define HAVE_SYS_EVENTFD_H 1
| #define HAVE_SYS_TYPES_H 1
| #define HAVE_STRUCT_TIMEVAL 1
| #define SIZEOF_SIZE_T 8
| #define SIZEOF_LONG 8
| #define SIZEOF_INT 4
| #define SIZEOF_TIME_T 8
| #define SIZEOF_OFF_T 8
| #define SIZEOF_CURL_OFF_T 8
| #define SIZEOF_CURL_SOCKET_T 4
| #define HAVE_BOOL_T 1
| #define HAVE_SA_FAMILY_T 1
| #define HAVE_SUSECONDS_T 1
| #define HAVE_STRUCT_SOCKADDR_STORAGE 1
| #define HAVE_SYS_SELECT_H 1
| #define HAVE_SELECT 1
| #define HAVE_SYS_TYPES_H 1
| #define HAVE_RECV 1
| #define HAVE_SYS_TYPES_H 1
| #define HAVE_SEND 1
| #define HAVE_SYS_TYPES_H 1
| #define HAVE_UNISTD_H 1
| #define HAVE_ALARM 1
| #define HAVE_SYS_TYPES_H 1
| #define HAVE_STRINGS_H 1
| #define HAVE_SYS_TYPES_H 1
| #define HAVE_LIBGEN_H 1
| #define HAVE_BASENAME 1
| #define HAVE_SYS_TYPES_H 1
| /* end confdefs.h.  */
| 
| 
|       /* includes start */
| #ifdef HAVE_PROTO_BSDSOCKET_H
| #  define __NO_NET_API
| #  define __USE_INLINE__
| #  include <proto/bsdsocket.h>
| #  ifdef HAVE_SYS_IOCTL_H
| #    include <sys/ioctl.h>
| #  endif
| #  ifdef __amigaos4__
| struct SocketIFace *ISocket = NULL;
| #  else
| struct Library *SocketBase = NULL;
| #  endif
| #  define select(a, b, c, d, e)  WaitSelect(a, b, c, d, e, 0)
| #endif
| /* includes end */
|       /* includes start */
| #ifdef HAVE_SYS_TYPES_H
| #  include <sys/types.h>
| #endif
| #ifndef _WIN32
| #  include <sys/socket.h>
| #endif
| /* includes end */
| 
| int main(void)
| {
| 
|       if(CloseSocket(0) != 0)
|         return 1;
| 
|   return 0;
| }
| 
configure:40716: result: no
configure:40775: checking if CloseSocket might be used
configure:40787: result: no
configure:40805: checking for sys/types.h
configure:40805: result: yes
configure:40812: checking for unistd.h
configure:40812: result: yes
configure:40819: checking for fcntl.h
configure:40819: result: yes
configure:40836: checking if fcntl can be linked
configure:40864: gcc -o conftest -Werror-implicit-function-declaration -O2 -Wno-system-headers  -D_GNU_SOURCE        conftest.c -lpsl -lssl -lcrypto -lssl -lcrypto -lz  >&5
configure:40864: $? = 0
configure:40867: result: yes
configure:40882: checking if fcntl is prototyped
configure:40894: result: yes
configure:40910: checking if fcntl is compilable
configure:40928: gcc -c -Werror-implicit-function-declaration -O2 -Wno-system-headers  -D_GNU_SOURCE    conftest.c >&5
configure:40928: $? = 0
configure:40931: result: yes
configure:40946: checking if fcntl usage allowed
configure:40949: result: yes
configure:40959: checking if fcntl might be used
configure:40965: result: yes
configure:40983: checking if fcntl O_NONBLOCK is compilable
configure:41002: gcc -c -Werror-implicit-function-declaration -O2 -Wno-system-headers  -D_GNU_SOURCE    conftest.c >&5
configure:41002: $? = 0
configure:41005: result: yes
configure:41020: checking if fcntl O_NONBLOCK usage allowed
configure:41023: result: yes
configure:41033: checking if fcntl O_NONBLOCK might be used
configure:41037: result: yes
configure:41067: checking whether build target is a native Windows one
configure:41106: result: no
configure:41128: checking for sys/types.h
configure:41128: result: yes
configure:41135: checking for netdb.h
configure:41135: result: yes
configure:41154: checking if freeaddrinfo can be linked
configure:41173: gcc -o conftest -Werror-implicit-function-declaration -O2 -Wno-system-headers  -D_GNU_SOURCE        conftest.c -lpsl -lssl -lcrypto -lssl -lcrypto -lz  >&5
configure:41173: $? = 0
configure:41176: result: yes
configure:41191: checking if freeaddrinfo is prototyped
configure:41205: result: yes
configure:41221: checking if freeaddrinfo is compilable
configure:41240: gcc -c -Werror-implicit-function-declaration -O2 -Wno-system-headers  -D_GNU_SOURCE    conftest.c >&5
configure:41240: $? = 0
configure:41243: result: yes
configure:41258: checking if freeaddrinfo usage allowed
configure:41261: result: yes
configure:41271: checking if freeaddrinfo might be used
configure:41277: result: yes
configure:41299: checking for sys/types.h
configure:41299: result: yes
configure:41306: checking for sys/xattr.h
configure:41306: gcc -c -Werror-implicit-function-declaration -O2 -Wno-system-headers  -D_GNU_SOURCE    conftest.c >&5
configure:41306: $? = 0
configure:41306: result: yes
configure:41324: checking if fsetxattr can be linked
configure:41352: gcc -o conftest -Werror-implicit-function-declaration -O2 -Wno-system-headers  -D_GNU_SOURCE        conftest.c -lpsl -lssl -lcrypto -lssl -lcrypto -lz  >&5
configure:41352: $? = 0
configure:41355: result: yes
configure:41370: checking if fsetxattr is prototyped
configure:41382: result: yes
configure:41399: checking if fsetxattr takes 5 args.
configure:41417: gcc -c -Werror-implicit-function-declaration -O2 -Wno-system-headers  -D_GNU_SOURCE    conftest.c >&5
configure:41417: $? = 0
configure:41420: result: yes
configure:41470: checking if fsetxattr is compilable
configure:41473: result: yes
configure:41482: checking if fsetxattr usage allowed
configure:41485: result: yes
configure:41495: checking if fsetxattr might be used
configure:41501: result: yes
configure:41532: checking for sys/types.h
configure:41532: result: yes
configure:41556: checking if getaddrinfo can be linked
configure:41577: gcc -o conftest -Werror-implicit-function-declaration -O2 -Wno-system-headers  -D_GNU_SOURCE        conftest.c -lpsl -lssl -lcrypto -lssl -lcrypto -lz  >&5
configure:41577: $? = 0
configure:41580: result: yes
configure:41595: checking if getaddrinfo is prototyped
configure:41609: result: yes
configure:41625: checking if getaddrinfo is compilable
configure:41646: gcc -c -Werror-implicit-function-declaration -O2 -Wno-system-headers  -D_GNU_SOURCE    conftest.c >&5
configure:41646: $? = 0
configure:41649: result: yes
configure:41665: checking if getaddrinfo seems to work
configure:41793: sh ./run-compiler -o conftest -Werror-implicit-function-declaration -O2 -Wno-system-headers  -D_GNU_SOURCE        conftest.c -lpsl -lssl -lcrypto -lssl -lcrypto -lz  >&5
configure:41793: $? = 0
configure:41793: ./conftest
configure:41793: $? = 0
configure:41795: result: yes
configure:41818: checking if getaddrinfo usage allowed
configure:41821: result: yes
configure:41831: checking if getaddrinfo might be used
configure:41837: result: yes
configure:41851: checking if getaddrinfo is thread-safe
configure:41901: result: yes
configure:41922: checking if gethostbyname_r can be linked
configure:41950: gcc -o conftest -Werror-implicit-function-declaration -O2 -Wno-system-headers  -D_GNU_SOURCE        conftest.c -lpsl -lssl -lcrypto -lssl -lcrypto -lz  >&5
configure:41950: $? = 0
configure:41953: result: yes
configure:41968: checking if gethostbyname_r is prototyped
configure:41980: result: yes
configure:41997: checking if gethostbyname_r takes 3 args.
configure:42016: gcc -c -Werror-implicit-function-declaration -O2 -Wno-system-headers  -D_GNU_SOURCE    conftest.c >&5
conftest.c: In function 'main':
conftest.c:152:14: error: too few arguments to function 'gethostbyname_r'; expected 6, have 3
  152 |           if(gethostbyname_r(0, 0, 0) != 0)
      |              ^~~~~~~~~~~~~~~
In file included from conftest.c:129:
/usr/include/netdb.h:177:12: note: declared here
  177 | extern int gethostbyname_r (const char *__restrict __name,
      |            ^~~~~~~~~~~~~~~
configure:42016: $? = 1
configure: failed program was:
| /* confdefs.h */
| #define PACKAGE_NAME "curl"
| #define PACKAGE_TARNAME "curl"
| #define PACKAGE_VERSION "-"
| #define PACKAGE_STRING "curl -"
| #define PACKAGE_BUGREPORT "a suitable curl mailing list: https://curl.se/mail/"
| #define PACKAGE_URL ""
| #define HAVE_STDIO_H 1
| #define HAVE_STDLIB_H 1
| #define HAVE_STRING_H 1
| #define HAVE_INTTYPES_H 1
| #define HAVE_STDINT_H 1
| #define HAVE_STRINGS_H 1
| #define HAVE_SYS_STAT_H 1
| #define HAVE_SYS_TYPES_H 1
| #define HAVE_UNISTD_H 1
| #define STDC_HEADERS 1
| #define HAVE_STDATOMIC_H 1
| #define HAVE_ATOMIC 1
| #define PACKAGE "curl"
| #define VERSION "-"
| #define CURL_OS "x86_64-pc-linux-gnu"
| #define HAVE_DLFCN_H 1
| #define LT_OBJDIR ".libs/"
| #define HAVE_LDAP_SSL 1
| #define HAVE_SYS_TYPES_H 1
| #define HAVE_CLOCK_GETTIME_MONOTONIC 1
| #define HAVE_SYS_TYPES_H 1
| #define HAVE_CLOCK_GETTIME_MONOTONIC_RAW 1
| #define HAVE_LIBZ 1
| #define USE_IPV6 1
| #define HAVE_SOCKADDR_IN6_SIN6_SCOPE_ID 1
| #define HAVE_WRITABLE_ARGV 1
| #define HAVE_LIBSSL 1
| #define HAVE_OPENSSL_RSA_H 1
| #define USE_OPENSSL 1
| #define HAVE_OPENSSL_CRYPTO_H 1
| #define USE_OPENSSL 1
| #define HAVE_OPENSSL_PEM_H 1
| #define USE_OPENSSL 1
| #define HAVE_OPENSSL_SSL_H 1
| #define USE_OPENSSL 1
| #define HAVE_OPENSSL_ERR_H 1
| #define USE_OPENSSL 1
| #define HAVE_SSL_SET_QUIC_TLS_CBS 1
| #define HAVE_DES_ECB_ENCRYPT 1
| #define HAVE_OPENSSL_SRP 1
| #define CURL_CA_BUNDLE "/etc/ssl/certs/ca-certificates.crt"
| #define CURL_CA_PATH "/etc/ssl/certs"
| #define HAVE_LIBPSL_H 1
| #define USE_LIBPSL 1
| #define CURL_DISABLE_LDAP 1
| #define CURL_DISABLE_LDAPS 1
| #define HAVE_SYS_TYPES_H 1
| #define HAVE_SYS_SELECT_H 1
| #define HAVE_SYS_IOCTL_H 1
| #define HAVE_UNISTD_H 1
| #define HAVE_ARPA_INET_H 1
| #define HAVE_NET_IF_H 1
| #define HAVE_NETINET_IN_H 1
| #define HAVE_SYS_UN_H 1
| #define HAVE_LINUX_TCP_H 1
| #define HAVE_NETINET_TCP_H 1
| #define HAVE_NETINET_UDP_H 1
| #define HAVE_NETDB_H 1
| #define HAVE_SYS_PARAM_H 1
| #define HAVE_TERMIOS_H 1
| #define HAVE_FCNTL_H 1
| #define HAVE_PWD_H 1
| #define HAVE_UTIME_H 1
| #define HAVE_SYS_POLL_H 1
| #define HAVE_POLL_H 1
| #define HAVE_SYS_RESOURCE_H 1
| #define HAVE_LIBGEN_H 1
| #define HAVE_LOCALE_H 1
| #define HAVE_STDBOOL_H 1
| #define HAVE_SYS_EVENTFD_H 1
| #define HAVE_SYS_TYPES_H 1
| #define HAVE_STRUCT_TIMEVAL 1
| #define SIZEOF_SIZE_T 8
| #define SIZEOF_LONG 8
| #define SIZEOF_INT 4
| #define SIZEOF_TIME_T 8
| #define SIZEOF_OFF_T 8
| #define SIZEOF_CURL_OFF_T 8
| #define SIZEOF_CURL_SOCKET_T 4
| #define HAVE_BOOL_T 1
| #define HAVE_SA_FAMILY_T 1
| #define HAVE_SUSECONDS_T 1
| #define HAVE_STRUCT_SOCKADDR_STORAGE 1
| #define HAVE_SYS_SELECT_H 1
| #define HAVE_SELECT 1
| #define HAVE_SYS_TYPES_H 1
| #define HAVE_RECV 1
| #define HAVE_SYS_TYPES_H 1
| #define HAVE_SEND 1
| #define HAVE_SYS_TYPES_H 1
| #define HAVE_UNISTD_H 1
| #define HAVE_ALARM 1
| #define HAVE_SYS_TYPES_H 1
| #define HAVE_STRINGS_H 1
| #define HAVE_SYS_TYPES_H 1
| #define HAVE_LIBGEN_H 1
| #define HAVE_BASENAME 1
| #define HAVE_SYS_TYPES_H 1
| #define HAVE_SYS_TYPES_H 1
| #define HAVE_UNISTD_H 1
| #define HAVE_FCNTL_H 1
| #define HAVE_FCNTL 1
| #define HAVE_FCNTL_O_NONBLOCK 1
| #define HAVE_SYS_TYPES_H 1
| #define HAVE_NETDB_H 1
| #define HAVE_FREEADDRINFO 1
| #define HAVE_SYS_TYPES_H 1
| #define HAVE_SYS_XATTR_H 1
| #define HAVE_FSETXATTR 1
| #define HAVE_FSETXATTR_5 1
| #define HAVE_SYS_TYPES_H 1
| #define HAVE_GETADDRINFO 1
| #define HAVE_GETADDRINFO_THREADSAFE 1
| /* end confdefs.h.  */
| 
| 
|           /* includes start */
| #ifdef HAVE_SYS_TYPES_H
| #  include <sys/types.h>
| #endif
| #ifdef HAVE_NETDB_H
| #  include <netdb.h>
| #endif
| /* includes end */
|           /* includes start */
| #ifdef HAVE_PROTO_BSDSOCKET_H
| #  define __NO_NET_API
| #  define __USE_INLINE__
| #  include <proto/bsdsocket.h>
| #  ifdef HAVE_SYS_IOCTL_H
| #    include <sys/ioctl.h>
| #  endif
| #  ifdef __amigaos4__
| struct SocketIFace *ISocket = NULL;
| #  else
| struct Library *SocketBase = NULL;
| #  endif
| #  define select(a, b, c, d, e)  WaitSelect(a, b, c, d, e, 0)
| #endif
| /* includes end */
| 
| int main(void)
| {
| 
|           if(gethostbyname_r(0, 0, 0) != 0)
|             return 1;
| 
|   return 0;
| }
| 
configure:42026: result: no
configure:42034: checking if gethostbyname_r takes 5 args.
configure:42053: gcc -c -Werror-implicit-function-declaration -O2 -Wno-system-headers  -D_GNU_SOURCE    conftest.c >&5
conftest.c: In function 'main':
conftest.c:152:14: error: too few arguments to function 'gethostbyname_r'; expected 6, have 5
  152 |           if(gethostbyname_r(0, 0, 0, 0, 0) != 0)
      |              ^~~~~~~~~~~~~~~
In file included from conftest.c:129:
/usr/include/netdb.h:177:12: note: declared here
  177 | extern int gethostbyname_r (const char *__restrict __name,
      |            ^~~~~~~~~~~~~~~
configure:42053: $? = 1
configure: failed program was:
| /* confdefs.h */
| #define PACKAGE_NAME "curl"
| #define PACKAGE_TARNAME "curl"
| #define PACKAGE_VERSION "-"
| #define PACKAGE_STRING "curl -"
| #define PACKAGE_BUGREPORT "a suitable curl mailing list: https://curl.se/mail/"
| #define PACKAGE_URL ""
| #define HAVE_STDIO_H 1
| #define HAVE_STDLIB_H 1
| #define HAVE_STRING_H 1
| #define HAVE_INTTYPES_H 1
| #define HAVE_STDINT_H 1
| #define HAVE_STRINGS_H 1
| #define HAVE_SYS_STAT_H 1
| #define HAVE_SYS_TYPES_H 1
| #define HAVE_UNISTD_H 1
| #define STDC_HEADERS 1
| #define HAVE_STDATOMIC_H 1
| #define HAVE_ATOMIC 1
| #define PACKAGE "curl"
| #define VERSION "-"
| #define CURL_OS "x86_64-pc-linux-gnu"
| #define HAVE_DLFCN_H 1
| #define LT_OBJDIR ".libs/"
| #define HAVE_LDAP_SSL 1
| #define HAVE_SYS_TYPES_H 1
| #define HAVE_CLOCK_GETTIME_MONOTONIC 1
| #define HAVE_SYS_TYPES_H 1
| #define HAVE_CLOCK_GETTIME_MONOTONIC_RAW 1
| #define HAVE_LIBZ 1
| #define USE_IPV6 1
| #define HAVE_SOCKADDR_IN6_SIN6_SCOPE_ID 1
| #define HAVE_WRITABLE_ARGV 1
| #define HAVE_LIBSSL 1
| #define HAVE_OPENSSL_RSA_H 1
| #define USE_OPENSSL 1
| #define HAVE_OPENSSL_CRYPTO_H 1
| #define USE_OPENSSL 1
| #define HAVE_OPENSSL_PEM_H 1
| #define USE_OPENSSL 1
| #define HAVE_OPENSSL_SSL_H 1
| #define USE_OPENSSL 1
| #define HAVE_OPENSSL_ERR_H 1
| #define USE_OPENSSL 1
| #define HAVE_SSL_SET_QUIC_TLS_CBS 1
| #define HAVE_DES_ECB_ENCRYPT 1
| #define HAVE_OPENSSL_SRP 1
| #define CURL_CA_BUNDLE "/etc/ssl/certs/ca-certificates.crt"
| #define CURL_CA_PATH "/etc/ssl/certs"
| #define HAVE_LIBPSL_H 1
| #define USE_LIBPSL 1
| #define CURL_DISABLE_LDAP 1
| #define CURL_DISABLE_LDAPS 1
| #define HAVE_SYS_TYPES_H 1
| #define HAVE_SYS_SELECT_H 1
| #define HAVE_SYS_IOCTL_H 1
| #define HAVE_UNISTD_H 1
| #define HAVE_ARPA_INET_H 1
| #define HAVE_NET_IF_H 1
| #define HAVE_NETINET_IN_H 1
| #define HAVE_SYS_UN_H 1
| #define HAVE_LINUX_TCP_H 1
| #define HAVE_NETINET_TCP_H 1
| #define HAVE_NETINET_UDP_H 1
| #define HAVE_NETDB_H 1
| #define HAVE_SYS_PARAM_H 1
| #define HAVE_TERMIOS_H 1
| #define HAVE_FCNTL_H 1
| #define HAVE_PWD_H 1
| #define HAVE_UTIME_H 1
| #define HAVE_SYS_POLL_H 1
| #define HAVE_POLL_H 1
| #define HAVE_SYS_RESOURCE_H 1
| #define HAVE_LIBGEN_H 1
| #define HAVE_LOCALE_H 1
| #define HAVE_STDBOOL_H 1
| #define HAVE_SYS_EVENTFD_H 1
| #define HAVE_SYS_TYPES_H 1
| #define HAVE_STRUCT_TIMEVAL 1
| #define SIZEOF_SIZE_T 8
| #define SIZEOF_LONG 8
| #define SIZEOF_INT 4
| #define SIZEOF_TIME_T 8
| #define SIZEOF_OFF_T 8
| #define SIZEOF_CURL_OFF_T 8
| #define SIZEOF_CURL_SOCKET_T 4
| #define HAVE_BOOL_T 1
| #define HAVE_SA_FAMILY_T 1
| #define HAVE_SUSECONDS_T 1
| #define HAVE_STRUCT_SOCKADDR_STORAGE 1
| #define HAVE_SYS_SELECT_H 1
| #define HAVE_SELECT 1
| #define HAVE_SYS_TYPES_H 1
| #define HAVE_RECV 1
| #define HAVE_SYS_TYPES_H 1
| #define HAVE_SEND 1
| #define HAVE_SYS_TYPES_H 1
| #define HAVE_UNISTD_H 1
| #define HAVE_ALARM 1
| #define HAVE_SYS_TYPES_H 1
| #define HAVE_STRINGS_H 1
| #define HAVE_SYS_TYPES_H 1
| #define HAVE_LIBGEN_H 1
| #define HAVE_BASENAME 1
| #define HAVE_SYS_TYPES_H 1
| #define HAVE_SYS_TYPES_H 1
| #define HAVE_UNISTD_H 1
| #define HAVE_FCNTL_H 1
| #define HAVE_FCNTL 1
| #define HAVE_FCNTL_O_NONBLOCK 1
| #define HAVE_SYS_TYPES_H 1
| #define HAVE_NETDB_H 1
| #define HAVE_FREEADDRINFO 1
| #define HAVE_SYS_TYPES_H 1
| #define HAVE_SYS_XATTR_H 1
| #define HAVE_FSETXATTR 1
| #define HAVE_FSETXATTR_5 1
| #define HAVE_SYS_TYPES_H 1
| #define HAVE_GETADDRINFO 1
| #define HAVE_GETADDRINFO_THREADSAFE 1
| /* end confdefs.h.  */
| 
| 
|           /* includes start */
| #ifdef HAVE_SYS_TYPES_H
| #  include <sys/types.h>
| #endif
| #ifdef HAVE_NETDB_H
| #  include <netdb.h>
| #endif
| /* includes end */
|           /* includes start */
| #ifdef HAVE_PROTO_BSDSOCKET_H
| #  define __NO_NET_API
| #  define __USE_INLINE__
| #  include <proto/bsdsocket.h>
| #  ifdef HAVE_SYS_IOCTL_H
| #    include <sys/ioctl.h>
| #  endif
| #  ifdef __amigaos4__
| struct SocketIFace *ISocket = NULL;
| #  else
| struct Library *SocketBase = NULL;
| #  endif
| #  define select(a, b, c, d, e)  WaitSelect(a, b, c, d, e, 0)
| #endif
| /* includes end */
| 
| int main(void)
| {
| 
|           if(gethostbyname_r(0, 0, 0, 0, 0) != 0)
|             return 1;
| 
|   return 0;
| }
| 
configure:42063: result: no
configure:42071: checking if gethostbyname_r takes 6 args.
configure:42090: gcc -c -Werror-implicit-function-declaration -O2 -Wno-system-headers  -D_GNU_SOURCE    conftest.c >&5
configure:42090: $? = 0
configure:42093: result: yes
configure:42107: checking if gethostbyname_r is compilable
configure:42110: result: yes
configure:42119: checking if gethostbyname_r usage allowed
configure:42122: result: yes
configure:42132: checking if gethostbyname_r might be used
configure:42138: result: yes
configure:42186: checking if gethostname can be linked
configure:42207: gcc -o conftest -Werror-implicit-function-declaration -O2 -Wno-system-headers  -D_GNU_SOURCE        conftest.c -lpsl -lssl -lcrypto -lssl -lcrypto -lz  >&5
configure:42207: $? = 0
configure:42210: result: yes
configure:42225: checking if gethostname is prototyped
configure:42239: result: yes
configure:42255: checking if gethostname is compilable
configure:42276: gcc -c -Werror-implicit-function-declaration -O2 -Wno-system-headers  -D_GNU_SOURCE    conftest.c >&5
configure:42276: $? = 0
configure:42279: result: yes
configure:42294: checking for gethostname arg 2 data type
configure:42326: gcc -c -Werror-implicit-function-declaration -O2 -Wno-system-headers  -D_GNU_SOURCE    conftest.c >&5
conftest.c:170:31: error: conflicting types for 'gethostname'; have 'int(char *, int)'
  170 |               int FUNCALLCONV gethostname(char *, int);
      |                               ^~~~~~~~~~~
In file included from conftest.c:139:
/usr/include/unistd.h:911:12: note: previous declaration of 'gethostname' with type 'int(char *, size_t)' {aka 'int(char *, long unsigned int)'}
  911 | extern int gethostname (char *__name, size_t __len) __THROW __nonnull ((1))
      |            ^~~~~~~~~~~
configure:42326: $? = 1
configure: failed program was:
| /* confdefs.h */
| #define PACKAGE_NAME "curl"
| #define PACKAGE_TARNAME "curl"
| #define PACKAGE_VERSION "-"
| #define PACKAGE_STRING "curl -"
| #define PACKAGE_BUGREPORT "a suitable curl mailing list: https://curl.se/mail/"
| #define PACKAGE_URL ""
| #define HAVE_STDIO_H 1
| #define HAVE_STDLIB_H 1
| #define HAVE_STRING_H 1
| #define HAVE_INTTYPES_H 1
| #define HAVE_STDINT_H 1
| #define HAVE_STRINGS_H 1
| #define HAVE_SYS_STAT_H 1
| #define HAVE_SYS_TYPES_H 1
| #define HAVE_UNISTD_H 1
| #define STDC_HEADERS 1
| #define HAVE_STDATOMIC_H 1
| #define HAVE_ATOMIC 1
| #define PACKAGE "curl"
| #define VERSION "-"
| #define CURL_OS "x86_64-pc-linux-gnu"
| #define HAVE_DLFCN_H 1
| #define LT_OBJDIR ".libs/"
| #define HAVE_LDAP_SSL 1
| #define HAVE_SYS_TYPES_H 1
| #define HAVE_CLOCK_GETTIME_MONOTONIC 1
| #define HAVE_SYS_TYPES_H 1
| #define HAVE_CLOCK_GETTIME_MONOTONIC_RAW 1
| #define HAVE_LIBZ 1
| #define USE_IPV6 1
| #define HAVE_SOCKADDR_IN6_SIN6_SCOPE_ID 1
| #define HAVE_WRITABLE_ARGV 1
| #define HAVE_LIBSSL 1
| #define HAVE_OPENSSL_RSA_H 1
| #define USE_OPENSSL 1
| #define HAVE_OPENSSL_CRYPTO_H 1
| #define USE_OPENSSL 1
| #define HAVE_OPENSSL_PEM_H 1
| #define USE_OPENSSL 1
| #define HAVE_OPENSSL_SSL_H 1
| #define USE_OPENSSL 1
| #define HAVE_OPENSSL_ERR_H 1
| #define USE_OPENSSL 1
| #define HAVE_SSL_SET_QUIC_TLS_CBS 1
| #define HAVE_DES_ECB_ENCRYPT 1
| #define HAVE_OPENSSL_SRP 1
| #define CURL_CA_BUNDLE "/etc/ssl/certs/ca-certificates.crt"
| #define CURL_CA_PATH "/etc/ssl/certs"
| #define HAVE_LIBPSL_H 1
| #define USE_LIBPSL 1
| #define CURL_DISABLE_LDAP 1
| #define CURL_DISABLE_LDAPS 1
| #define HAVE_SYS_TYPES_H 1
| #define HAVE_SYS_SELECT_H 1
| #define HAVE_SYS_IOCTL_H 1
| #define HAVE_UNISTD_H 1
| #define HAVE_ARPA_INET_H 1
| #define HAVE_NET_IF_H 1
| #define HAVE_NETINET_IN_H 1
| #define HAVE_SYS_UN_H 1
| #define HAVE_LINUX_TCP_H 1
| #define HAVE_NETINET_TCP_H 1
| #define HAVE_NETINET_UDP_H 1
| #define HAVE_NETDB_H 1
| #define HAVE_SYS_PARAM_H 1
| #define HAVE_TERMIOS_H 1
| #define HAVE_FCNTL_H 1
| #define HAVE_PWD_H 1
| #define HAVE_UTIME_H 1
| #define HAVE_SYS_POLL_H 1
| #define HAVE_POLL_H 1
| #define HAVE_SYS_RESOURCE_H 1
| #define HAVE_LIBGEN_H 1
| #define HAVE_LOCALE_H 1
| #define HAVE_STDBOOL_H 1
| #define HAVE_SYS_EVENTFD_H 1
| #define HAVE_SYS_TYPES_H 1
| #define HAVE_STRUCT_TIMEVAL 1
| #define SIZEOF_SIZE_T 8
| #define SIZEOF_LONG 8
| #define SIZEOF_INT 4
| #define SIZEOF_TIME_T 8
| #define SIZEOF_OFF_T 8
| #define SIZEOF_CURL_OFF_T 8
| #define SIZEOF_CURL_SOCKET_T 4
| #define HAVE_BOOL_T 1
| #define HAVE_SA_FAMILY_T 1
| #define HAVE_SUSECONDS_T 1
| #define HAVE_STRUCT_SOCKADDR_STORAGE 1
| #define HAVE_SYS_SELECT_H 1
| #define HAVE_SELECT 1
| #define HAVE_SYS_TYPES_H 1
| #define HAVE_RECV 1
| #define HAVE_SYS_TYPES_H 1
| #define HAVE_SEND 1
| #define HAVE_SYS_TYPES_H 1
| #define HAVE_UNISTD_H 1
| #define HAVE_ALARM 1
| #define HAVE_SYS_TYPES_H 1
| #define HAVE_STRINGS_H 1
| #define HAVE_SYS_TYPES_H 1
| #define HAVE_LIBGEN_H 1
| #define HAVE_BASENAME 1
| #define HAVE_SYS_TYPES_H 1
| #define HAVE_SYS_TYPES_H 1
| #define HAVE_UNISTD_H 1
| #define HAVE_FCNTL_H 1
| #define HAVE_FCNTL 1
| #define HAVE_FCNTL_O_NONBLOCK 1
| #define HAVE_SYS_TYPES_H 1
| #define HAVE_NETDB_H 1
| #define HAVE_FREEADDRINFO 1
| #define HAVE_SYS_TYPES_H 1
| #define HAVE_SYS_XATTR_H 1
| #define HAVE_FSETXATTR 1
| #define HAVE_FSETXATTR_5 1
| #define HAVE_SYS_TYPES_H 1
| #define HAVE_GETADDRINFO 1
| #define HAVE_GETADDRINFO_THREADSAFE 1
| #define HAVE_GETHOSTBYNAME_R 1
| #define HAVE_GETHOSTBYNAME_R_6 1
| /* end confdefs.h.  */
| 
| 
|               /* includes start */
| #ifdef _WIN32
| #  ifndef WIN32_LEAN_AND_MEAN
| #  define WIN32_LEAN_AND_MEAN
| #  endif
| #  include <winsock2.h>
| #endif
| /* includes end */
|               /* includes start */
| #ifdef HAVE_SYS_TYPES_H
| #  include <sys/types.h>
| #endif
| #ifdef HAVE_UNISTD_H
| #  include <unistd.h>
| #endif
| /* includes end */
|               /* includes start */
| #ifdef HAVE_PROTO_BSDSOCKET_H
| #  define __NO_NET_API
| #  define __USE_INLINE__
| #  include <proto/bsdsocket.h>
| #  ifdef HAVE_SYS_IOCTL_H
| #    include <sys/ioctl.h>
| #  endif
| #  ifdef __amigaos4__
| struct SocketIFace *ISocket = NULL;
| #  else
| struct Library *SocketBase = NULL;
| #  endif
| #  define select(a, b, c, d, e)  WaitSelect(a, b, c, d, e, 0)
| #endif
| /* includes end */
|               /* preprocess start */
| #ifdef _WIN32
| #  define FUNCALLCONV __stdcall
| #else
| #  define FUNCALLCONV
| #endif
| /* preprocess end */
|               #if defined(_WIN32) && defined(WINSOCK_API_LINKAGE)
|               WINSOCK_API_LINKAGE
|               #else
|               extern
|               #endif
|               int FUNCALLCONV gethostname(char *, int);
| 
| int main(void)
| {
| 
|               char s[1];
|               if(gethostname((char *)s, 0) != 0)
|                 return 1;
| 
|   return 0;
| }
| 
configure:42326: gcc -c -Werror-implicit-function-declaration -O2 -Wno-system-headers  -D_GNU_SOURCE    conftest.c >&5
conftest.c:170:31: error: conflicting types for 'gethostname'; have 'int(char *, unsigned int)'
  170 |               int FUNCALLCONV gethostname(char *, unsigned int);
      |                               ^~~~~~~~~~~
In file included from conftest.c:139:
/usr/include/unistd.h:911:12: note: previous declaration of 'gethostname' with type 'int(char *, size_t)' {aka 'int(char *, long unsigned int)'}
  911 | extern int gethostname (char *__name, size_t __len) __THROW __nonnull ((1))
      |            ^~~~~~~~~~~
configure:42326: $? = 1
configure: failed program was:
| /* confdefs.h */
| #define PACKAGE_NAME "curl"
| #define PACKAGE_TARNAME "curl"
| #define PACKAGE_VERSION "-"
| #define PACKAGE_STRING "curl -"
| #define PACKAGE_BUGREPORT "a suitable curl mailing list: https://curl.se/mail/"
| #define PACKAGE_URL ""
| #define HAVE_STDIO_H 1
| #define HAVE_STDLIB_H 1
| #define HAVE_STRING_H 1
| #define HAVE_INTTYPES_H 1
| #define HAVE_STDINT_H 1
| #define HAVE_STRINGS_H 1
| #define HAVE_SYS_STAT_H 1
| #define HAVE_SYS_TYPES_H 1
| #define HAVE_UNISTD_H 1
| #define STDC_HEADERS 1
| #define HAVE_STDATOMIC_H 1
| #define HAVE_ATOMIC 1
| #define PACKAGE "curl"
| #define VERSION "-"
| #define CURL_OS "x86_64-pc-linux-gnu"
| #define HAVE_DLFCN_H 1
| #define LT_OBJDIR ".libs/"
| #define HAVE_LDAP_SSL 1
| #define HAVE_SYS_TYPES_H 1
| #define HAVE_CLOCK_GETTIME_MONOTONIC 1
| #define HAVE_SYS_TYPES_H 1
| #define HAVE_CLOCK_GETTIME_MONOTONIC_RAW 1
| #define HAVE_LIBZ 1
| #define USE_IPV6 1
| #define HAVE_SOCKADDR_IN6_SIN6_SCOPE_ID 1
| #define HAVE_WRITABLE_ARGV 1
| #define HAVE_LIBSSL 1
| #define HAVE_OPENSSL_RSA_H 1
| #define USE_OPENSSL 1
| #define HAVE_OPENSSL_CRYPTO_H 1
| #define USE_OPENSSL 1
| #define HAVE_OPENSSL_PEM_H 1
| #define USE_OPENSSL 1
| #define HAVE_OPENSSL_SSL_H 1
| #define USE_OPENSSL 1
| #define HAVE_OPENSSL_ERR_H 1
| #define USE_OPENSSL 1
| #define HAVE_SSL_SET_QUIC_TLS_CBS 1
| #define HAVE_DES_ECB_ENCRYPT 1
| #define HAVE_OPENSSL_SRP 1
| #define CURL_CA_BUNDLE "/etc/ssl/certs/ca-certificates.crt"
| #define CURL_CA_PATH "/etc/ssl/certs"
| #define HAVE_LIBPSL_H 1
| #define USE_LIBPSL 1
| #define CURL_DISABLE_LDAP 1
| #define CURL_DISABLE_LDAPS 1
| #define HAVE_SYS_TYPES_H 1
| #define HAVE_SYS_SELECT_H 1
| #define HAVE_SYS_IOCTL_H 1
| #define HAVE_UNISTD_H 1
| #define HAVE_ARPA_INET_H 1
| #define HAVE_NET_IF_H 1
| #define HAVE_NETINET_IN_H 1
| #define HAVE_SYS_UN_H 1
| #define HAVE_LINUX_TCP_H 1
| #define HAVE_NETINET_TCP_H 1
| #define HAVE_NETINET_UDP_H 1
| #define HAVE_NETDB_H 1
| #define HAVE_SYS_PARAM_H 1
| #define HAVE_TERMIOS_H 1
| #define HAVE_FCNTL_H 1
| #define HAVE_PWD_H 1
| #define HAVE_UTIME_H 1
| #define HAVE_SYS_POLL_H 1
| #define HAVE_POLL_H 1
| #define HAVE_SYS_RESOURCE_H 1
| #define HAVE_LIBGEN_H 1
| #define HAVE_LOCALE_H 1
| #define HAVE_STDBOOL_H 1
| #define HAVE_SYS_EVENTFD_H 1
| #define HAVE_SYS_TYPES_H 1
| #define HAVE_STRUCT_TIMEVAL 1
| #define SIZEOF_SIZE_T 8
| #define SIZEOF_LONG 8
| #define SIZEOF_INT 4
| #define SIZEOF_TIME_T 8
| #define SIZEOF_OFF_T 8
| #define SIZEOF_CURL_OFF_T 8
| #define SIZEOF_CURL_SOCKET_T 4
| #define HAVE_BOOL_T 1
| #define HAVE_SA_FAMILY_T 1
| #define HAVE_SUSECONDS_T 1
| #define HAVE_STRUCT_SOCKADDR_STORAGE 1
| #define HAVE_SYS_SELECT_H 1
| #define HAVE_SELECT 1
| #define HAVE_SYS_TYPES_H 1
| #define HAVE_RECV 1
| #define HAVE_SYS_TYPES_H 1
| #define HAVE_SEND 1
| #define HAVE_SYS_TYPES_H 1
| #define HAVE_UNISTD_H 1
| #define HAVE_ALARM 1
| #define HAVE_SYS_TYPES_H 1
| #define HAVE_STRINGS_H 1
| #define HAVE_SYS_TYPES_H 1
| #define HAVE_LIBGEN_H 1
| #define HAVE_BASENAME 1
| #define HAVE_SYS_TYPES_H 1
| #define HAVE_SYS_TYPES_H 1
| #define HAVE_UNISTD_H 1
| #define HAVE_FCNTL_H 1
| #define HAVE_FCNTL 1
| #define HAVE_FCNTL_O_NONBLOCK 1
| #define HAVE_SYS_TYPES_H 1
| #define HAVE_NETDB_H 1
| #define HAVE_FREEADDRINFO 1
| #define HAVE_SYS_TYPES_H 1
| #define HAVE_SYS_XATTR_H 1
| #define HAVE_FSETXATTR 1
| #define HAVE_FSETXATTR_5 1
| #define HAVE_SYS_TYPES_H 1
| #define HAVE_GETADDRINFO 1
| #define HAVE_GETADDRINFO_THREADSAFE 1
| #define HAVE_GETHOSTBYNAME_R 1
| #define HAVE_GETHOSTBYNAME_R_6 1
| /* end confdefs.h.  */
| 
| 
|               /* includes start */
| #ifdef _WIN32
| #  ifndef WIN32_LEAN_AND_MEAN
| #  define WIN32_LEAN_AND_MEAN
| #  endif
| #  include <winsock2.h>
| #endif
| /* includes end */
|               /* includes start */
| #ifdef HAVE_SYS_TYPES_H
| #  include <sys/types.h>
| #endif
| #ifdef HAVE_UNISTD_H
| #  include <unistd.h>
| #endif
| /* includes end */
|               /* includes start */
| #ifdef HAVE_PROTO_BSDSOCKET_H
| #  define __NO_NET_API
| #  define __USE_INLINE__
| #  include <proto/bsdsocket.h>
| #  ifdef HAVE_SYS_IOCTL_H
| #    include <sys/ioctl.h>
| #  endif
| #  ifdef __amigaos4__
| struct SocketIFace *ISocket = NULL;
| #  else
| struct Library *SocketBase = NULL;
| #  endif
| #  define select(a, b, c, d, e)  WaitSelect(a, b, c, d, e, 0)
| #endif
| /* includes end */
|               /* preprocess start */
| #ifdef _WIN32
| #  define FUNCALLCONV __stdcall
| #else
| #  define FUNCALLCONV
| #endif
| /* preprocess end */
|               #if defined(_WIN32) && defined(WINSOCK_API_LINKAGE)
|               WINSOCK_API_LINKAGE
|               #else
|               extern
|               #endif
|               int FUNCALLCONV gethostname(char *, unsigned int);
| 
| int main(void)
| {
| 
|               char s[1];
|               if(gethostname((char *)s, 0) != 0)
|                 return 1;
| 
|   return 0;
| }
| 
configure:42326: gcc -c -Werror-implicit-function-declaration -O2 -Wno-system-headers  -D_GNU_SOURCE    conftest.c >&5
configure:42326: $? = 0
configure:42336: result: size_t
configure:42346: checking if gethostname usage allowed
configure:42349: result: yes
configure:42359: checking if gethostname might be used
configure:42365: result: yes
configure:42393: checking for sys/types.h
configure:42393: result: yes
configure:42400: checking for netinet/in.h
configure:42400: result: yes
configure:42407: checking for ifaddrs.h
configure:42407: gcc -c -Werror-implicit-function-declaration -O2 -Wno-system-headers  -D_GNU_SOURCE    conftest.c >&5
configure:42407: $? = 0
configure:42407: result: yes
configure:42426: checking if getifaddrs can be linked
configure:42454: gcc -o conftest -Werror-implicit-function-declaration -O2 -Wno-system-headers  -D_GNU_SOURCE        conftest.c -lpsl -lssl -lcrypto -lssl -lcrypto -lz  >&5
configure:42454: $? = 0
configure:42457: result: yes
configure:42472: checking if getifaddrs is prototyped
configure:42484: result: yes
configure:42500: checking if getifaddrs is compilable
configure:42518: gcc -c -Werror-implicit-function-declaration -O2 -Wno-system-headers  -D_GNU_SOURCE    conftest.c >&5
configure:42518: $? = 0
configure:42521: result: yes
configure:42537: checking if getifaddrs seems to work
configure:42627: sh ./run-compiler -o conftest -Werror-implicit-function-declaration -O2 -Wno-system-headers  -D_GNU_SOURCE        conftest.c -lpsl -lssl -lcrypto -lssl -lcrypto -lz  >&5
configure:42627: $? = 0
configure:42627: ./conftest
configure:42627: $? = 0
configure:42629: result: yes
configure:42652: checking if getifaddrs usage allowed
configure:42655: result: yes
configure:42665: checking if getifaddrs might be used
configure:42672: result: yes
configure:42695: checking if getpeername can be linked
configure:42715: gcc -o conftest -Werror-implicit-function-declaration -O2 -Wno-system-headers  -D_GNU_SOURCE        conftest.c -lpsl -lssl -lcrypto -lssl -lcrypto -lz  >&5
configure:42715: $? = 0
configure:42718: result: yes
configure:42733: checking if getpeername is prototyped
configure:42747: result: yes
configure:42763: checking if getpeername is compilable
configure:42783: gcc -c -Werror-implicit-function-declaration -O2 -Wno-system-headers  -D_GNU_SOURCE    conftest.c >&5
configure:42783: $? = 0
configure:42786: result: yes
configure:42801: checking if getpeername usage allowed
configure:42804: result: yes
configure:42814: checking if getpeername might be used
configure:42820: result: yes
configure:42843: checking if getsockname can be linked
configure:42863: gcc -o conftest -Werror-implicit-function-declaration -O2 -Wno-system-headers  -D_GNU_SOURCE        conftest.c -lpsl -lssl -lcrypto -lssl -lcrypto -lz  >&5
configure:42863: $? = 0
configure:42866: result: yes
configure:42881: checking if getsockname is prototyped
configure:42895: result: yes
configure:42911: checking if getsockname is compilable
configure:42931: gcc -c -Werror-implicit-function-declaration -O2 -Wno-system-headers  -D_GNU_SOURCE    conftest.c >&5
configure:42931: $? = 0
configure:42934: result: yes
configure:42949: checking if getsockname usage allowed
configure:42952: result: yes
configure:42962: checking if getsockname might be used
configure:42968: result: yes
configure:42991: checking for sys/types.h
configure:42991: result: yes
configure:43010: checking if gmtime_r can be linked
configure:43038: gcc -o conftest -Werror-implicit-function-declaration -O2 -Wno-system-headers  -D_GNU_SOURCE        conftest.c -lpsl -lssl -lcrypto -lssl -lcrypto -lz  >&5
configure:43038: $? = 0
configure:43041: result: yes
configure:43056: checking if gmtime_r is prototyped
configure:43068: result: yes
configure:43084: checking if gmtime_r is compilable
configure:43105: gcc -c -Werror-implicit-function-declaration -O2 -Wno-system-headers  -D_GNU_SOURCE    conftest.c >&5
configure:43105: $? = 0
configure:43108: result: yes
configure:43124: checking if gmtime_r seems to work
configure:43212: sh ./run-compiler -o conftest -Werror-implicit-function-declaration -O2 -Wno-system-headers  -D_GNU_SOURCE        conftest.c -lpsl -lssl -lcrypto -lssl -lcrypto -lz  >&5
configure:43212: $? = 0
configure:43212: ./conftest
configure:43212: $? = 0
configure:43214: result: yes
configure:43237: checking if gmtime_r usage allowed
configure:43240: result: yes
configure:43250: checking if gmtime_r might be used
configure:43257: result: yes
configure:43288: checking for sys/types.h
configure:43288: result: yes
configure:43295: checking for unistd.h
configure:43295: result: yes
configure:43302: checking for sys/ioctl.h
configure:43302: result: yes
configure:43309: checking for stropts.h
configure:43309: gcc -c -Werror-implicit-function-declaration -O2 -Wno-system-headers  -D_GNU_SOURCE    conftest.c >&5
conftest.c:155:10: fatal error: stropts.h: No such file or directory
  155 | #include <stropts.h>
      |          ^~~~~~~~~~~
compilation terminated.
configure:43309: $? = 1
configure: failed program was:
| /* confdefs.h */
| #define PACKAGE_NAME "curl"
| #define PACKAGE_TARNAME "curl"
| #define PACKAGE_VERSION "-"
| #define PACKAGE_STRING "curl -"
| #define PACKAGE_BUGREPORT "a suitable curl mailing list: https://curl.se/mail/"
| #define PACKAGE_URL ""
| #define HAVE_STDIO_H 1
| #define HAVE_STDLIB_H 1
| #define HAVE_STRING_H 1
| #define HAVE_INTTYPES_H 1
| #define HAVE_STDINT_H 1
| #define HAVE_STRINGS_H 1
| #define HAVE_SYS_STAT_H 1
| #define HAVE_SYS_TYPES_H 1
| #define HAVE_UNISTD_H 1
| #define STDC_HEADERS 1
| #define HAVE_STDATOMIC_H 1
| #define HAVE_ATOMIC 1
| #define PACKAGE "curl"
| #define VERSION "-"
| #define CURL_OS "x86_64-pc-linux-gnu"
| #define HAVE_DLFCN_H 1
| #define LT_OBJDIR ".libs/"
| #define HAVE_LDAP_SSL 1
| #define HAVE_SYS_TYPES_H 1
| #define HAVE_CLOCK_GETTIME_MONOTONIC 1
| #define HAVE_SYS_TYPES_H 1
| #define HAVE_CLOCK_GETTIME_MONOTONIC_RAW 1
| #define HAVE_LIBZ 1
| #define USE_IPV6 1
| #define HAVE_SOCKADDR_IN6_SIN6_SCOPE_ID 1
| #define HAVE_WRITABLE_ARGV 1
| #define HAVE_LIBSSL 1
| #define HAVE_OPENSSL_RSA_H 1
| #define USE_OPENSSL 1
| #define HAVE_OPENSSL_CRYPTO_H 1
| #define USE_OPENSSL 1
| #define HAVE_OPENSSL_PEM_H 1
| #define USE_OPENSSL 1
| #define HAVE_OPENSSL_SSL_H 1
| #define USE_OPENSSL 1
| #define HAVE_OPENSSL_ERR_H 1
| #define USE_OPENSSL 1
| #define HAVE_SSL_SET_QUIC_TLS_CBS 1
| #define HAVE_DES_ECB_ENCRYPT 1
| #define HAVE_OPENSSL_SRP 1
| #define CURL_CA_BUNDLE "/etc/ssl/certs/ca-certificates.crt"
| #define CURL_CA_PATH "/etc/ssl/certs"
| #define HAVE_LIBPSL_H 1
| #define USE_LIBPSL 1
| #define CURL_DISABLE_LDAP 1
| #define CURL_DISABLE_LDAPS 1
| #define HAVE_SYS_TYPES_H 1
| #define HAVE_SYS_SELECT_H 1
| #define HAVE_SYS_IOCTL_H 1
| #define HAVE_UNISTD_H 1
| #define HAVE_ARPA_INET_H 1
| #define HAVE_NET_IF_H 1
| #define HAVE_NETINET_IN_H 1
| #define HAVE_SYS_UN_H 1
| #define HAVE_LINUX_TCP_H 1
| #define HAVE_NETINET_TCP_H 1
| #define HAVE_NETINET_UDP_H 1
| #define HAVE_NETDB_H 1
| #define HAVE_SYS_PARAM_H 1
| #define HAVE_TERMIOS_H 1
| #define HAVE_FCNTL_H 1
| #define HAVE_PWD_H 1
| #define HAVE_UTIME_H 1
| #define HAVE_SYS_POLL_H 1
| #define HAVE_POLL_H 1
| #define HAVE_SYS_RESOURCE_H 1
| #define HAVE_LIBGEN_H 1
| #define HAVE_LOCALE_H 1
| #define HAVE_STDBOOL_H 1
| #define HAVE_SYS_EVENTFD_H 1
| #define HAVE_SYS_TYPES_H 1
| #define HAVE_STRUCT_TIMEVAL 1
| #define SIZEOF_SIZE_T 8
| #define SIZEOF_LONG 8
| #define SIZEOF_INT 4
| #define SIZEOF_TIME_T 8
| #define SIZEOF_OFF_T 8
| #define SIZEOF_CURL_OFF_T 8
| #define SIZEOF_CURL_SOCKET_T 4
| #define HAVE_BOOL_T 1
| #define HAVE_SA_FAMILY_T 1
| #define HAVE_SUSECONDS_T 1
| #define HAVE_STRUCT_SOCKADDR_STORAGE 1
| #define HAVE_SYS_SELECT_H 1
| #define HAVE_SELECT 1
| #define HAVE_SYS_TYPES_H 1
| #define HAVE_RECV 1
| #define HAVE_SYS_TYPES_H 1
| #define HAVE_SEND 1
| #define HAVE_SYS_TYPES_H 1
| #define HAVE_UNISTD_H 1
| #define HAVE_ALARM 1
| #define HAVE_SYS_TYPES_H 1
| #define HAVE_STRINGS_H 1
| #define HAVE_SYS_TYPES_H 1
| #define HAVE_LIBGEN_H 1
| #define HAVE_BASENAME 1
| #define HAVE_SYS_TYPES_H 1
| #define HAVE_SYS_TYPES_H 1
| #define HAVE_UNISTD_H 1
| #define HAVE_FCNTL_H 1
| #define HAVE_FCNTL 1
| #define HAVE_FCNTL_O_NONBLOCK 1
| #define HAVE_SYS_TYPES_H 1
| #define HAVE_NETDB_H 1
| #define HAVE_FREEADDRINFO 1
| #define HAVE_SYS_TYPES_H 1
| #define HAVE_SYS_XATTR_H 1
| #define HAVE_FSETXATTR 1
| #define HAVE_FSETXATTR_5 1
| #define HAVE_SYS_TYPES_H 1
| #define HAVE_GETADDRINFO 1
| #define HAVE_GETADDRINFO_THREADSAFE 1
| #define HAVE_GETHOSTBYNAME_R 1
| #define HAVE_GETHOSTBYNAME_R_6 1
| #define GETHOSTNAME_TYPE_ARG2 size_t
| #define HAVE_GETHOSTNAME 1
| #define HAVE_SYS_TYPES_H 1
| #define HAVE_NETINET_IN_H 1
| #define HAVE_IFADDRS_H 1
| #define HAVE_GETIFADDRS 1
| #define HAVE_GETPEERNAME 1
| #define HAVE_GETSOCKNAME 1
| #define HAVE_SYS_TYPES_H 1
| #define HAVE_GMTIME_R 1
| #define HAVE_SYS_TYPES_H 1
| #define HAVE_UNISTD_H 1
| #define HAVE_SYS_IOCTL_H 1
| /* end confdefs.h.  */
| /* includes start */
| #ifdef HAVE_SYS_TYPES_H
| #  include <sys/types.h>
| #endif
| #ifdef HAVE_UNISTD_H
| #  include <unistd.h>
| #endif
| #ifndef _WIN32
| #  include <sys/socket.h>
| #endif
| #ifdef HAVE_SYS_IOCTL_H
| #  include <sys/ioctl.h>
| #endif
| #ifdef HAVE_STROPTS_H
| #  include <stropts.h>
| #endif
| /* includes end */
| 
| #include <stropts.h>
configure:43309: result: no
configure:43326: checking if ioctl can be linked
configure:43354: gcc -o conftest -Werror-implicit-function-declaration -O2 -Wno-system-headers  -D_GNU_SOURCE        conftest.c -lpsl -lssl -lcrypto -lssl -lcrypto -lz  >&5
configure:43354: $? = 0
configure:43357: result: yes
configure:43372: checking if ioctl is prototyped
configure:43384: result: yes
configure:43400: checking if ioctl is compilable
configure:43418: gcc -c -Werror-implicit-function-declaration -O2 -Wno-system-headers  -D_GNU_SOURCE    conftest.c >&5
configure:43418: $? = 0
configure:43421: result: yes
configure:43436: checking if ioctl usage allowed
configure:43439: result: yes
configure:43449: checking if ioctl might be used
configure:43455: result: yes
configure:43464: checking if ioctl FIONBIO is compilable
configure:43483: gcc -c -Werror-implicit-function-declaration -O2 -Wno-system-headers  -D_GNU_SOURCE    conftest.c >&5
configure:43483: $? = 0
configure:43486: result: yes
configure:43501: checking if ioctl FIONBIO usage allowed
configure:43504: result: yes
configure:43514: checking if ioctl FIONBIO might be used
configure:43518: result: yes
configure:43536: checking if ioctl SIOCGIFADDR is compilable
configure:43556: gcc -c -Werror-implicit-function-declaration -O2 -Wno-system-headers  -D_GNU_SOURCE    conftest.c >&5
configure:43556: $? = 0
configure:43559: result: yes
configure:43574: checking if ioctl SIOCGIFADDR usage allowed
configure:43577: result: yes
configure:43587: checking if ioctl SIOCGIFADDR might be used
configure:43591: result: yes
configure:43617: checking if ioctlsocket can be linked
configure:43635: gcc -o conftest -Werror-implicit-function-declaration -O2 -Wno-system-headers  -D_GNU_SOURCE        conftest.c -lpsl -lssl -lcrypto -lssl -lcrypto -lz  >&5
conftest.c: In function 'main':
conftest.c:153:10: error: implicit declaration of function 'ioctlsocket' [-Wimplicit-function-declaration]
  153 |       if(ioctlsocket(0, 0, 0) != 0)
      |          ^~~~~~~~~~~
configure:43635: $? = 1
configure: failed program was:
| /* confdefs.h */
| #define PACKAGE_NAME "curl"
| #define PACKAGE_TARNAME "curl"
| #define PACKAGE_VERSION "-"
| #define PACKAGE_STRING "curl -"
| #define PACKAGE_BUGREPORT "a suitable curl mailing list: https://curl.se/mail/"
| #define PACKAGE_URL ""
| #define HAVE_STDIO_H 1
| #define HAVE_STDLIB_H 1
| #define HAVE_STRING_H 1
| #define HAVE_INTTYPES_H 1
| #define HAVE_STDINT_H 1
| #define HAVE_STRINGS_H 1
| #define HAVE_SYS_STAT_H 1
| #define HAVE_SYS_TYPES_H 1
| #define HAVE_UNISTD_H 1
| #define STDC_HEADERS 1
| #define HAVE_STDATOMIC_H 1
| #define HAVE_ATOMIC 1
| #define PACKAGE "curl"
| #define VERSION "-"
| #define CURL_OS "x86_64-pc-linux-gnu"
| #define HAVE_DLFCN_H 1
| #define LT_OBJDIR ".libs/"
| #define HAVE_LDAP_SSL 1
| #define HAVE_SYS_TYPES_H 1
| #define HAVE_CLOCK_GETTIME_MONOTONIC 1
| #define HAVE_SYS_TYPES_H 1
| #define HAVE_CLOCK_GETTIME_MONOTONIC_RAW 1
| #define HAVE_LIBZ 1
| #define USE_IPV6 1
| #define HAVE_SOCKADDR_IN6_SIN6_SCOPE_ID 1
| #define HAVE_WRITABLE_ARGV 1
| #define HAVE_LIBSSL 1
| #define HAVE_OPENSSL_RSA_H 1
| #define USE_OPENSSL 1
| #define HAVE_OPENSSL_CRYPTO_H 1
| #define USE_OPENSSL 1
| #define HAVE_OPENSSL_PEM_H 1
| #define USE_OPENSSL 1
| #define HAVE_OPENSSL_SSL_H 1
| #define USE_OPENSSL 1
| #define HAVE_OPENSSL_ERR_H 1
| #define USE_OPENSSL 1
| #define HAVE_SSL_SET_QUIC_TLS_CBS 1
| #define HAVE_DES_ECB_ENCRYPT 1
| #define HAVE_OPENSSL_SRP 1
| #define CURL_CA_BUNDLE "/etc/ssl/certs/ca-certificates.crt"
| #define CURL_CA_PATH "/etc/ssl/certs"
| #define HAVE_LIBPSL_H 1
| #define USE_LIBPSL 1
| #define CURL_DISABLE_LDAP 1
| #define CURL_DISABLE_LDAPS 1
| #define HAVE_SYS_TYPES_H 1
| #define HAVE_SYS_SELECT_H 1
| #define HAVE_SYS_IOCTL_H 1
| #define HAVE_UNISTD_H 1
| #define HAVE_ARPA_INET_H 1
| #define HAVE_NET_IF_H 1
| #define HAVE_NETINET_IN_H 1
| #define HAVE_SYS_UN_H 1
| #define HAVE_LINUX_TCP_H 1
| #define HAVE_NETINET_TCP_H 1
| #define HAVE_NETINET_UDP_H 1
| #define HAVE_NETDB_H 1
| #define HAVE_SYS_PARAM_H 1
| #define HAVE_TERMIOS_H 1
| #define HAVE_FCNTL_H 1
| #define HAVE_PWD_H 1
| #define HAVE_UTIME_H 1
| #define HAVE_SYS_POLL_H 1
| #define HAVE_POLL_H 1
| #define HAVE_SYS_RESOURCE_H 1
| #define HAVE_LIBGEN_H 1
| #define HAVE_LOCALE_H 1
| #define HAVE_STDBOOL_H 1
| #define HAVE_SYS_EVENTFD_H 1
| #define HAVE_SYS_TYPES_H 1
| #define HAVE_STRUCT_TIMEVAL 1
| #define SIZEOF_SIZE_T 8
| #define SIZEOF_LONG 8
| #define SIZEOF_INT 4
| #define SIZEOF_TIME_T 8
| #define SIZEOF_OFF_T 8
| #define SIZEOF_CURL_OFF_T 8
| #define SIZEOF_CURL_SOCKET_T 4
| #define HAVE_BOOL_T 1
| #define HAVE_SA_FAMILY_T 1
| #define HAVE_SUSECONDS_T 1
| #define HAVE_STRUCT_SOCKADDR_STORAGE 1
| #define HAVE_SYS_SELECT_H 1
| #define HAVE_SELECT 1
| #define HAVE_SYS_TYPES_H 1
| #define HAVE_RECV 1
| #define HAVE_SYS_TYPES_H 1
| #define HAVE_SEND 1
| #define HAVE_SYS_TYPES_H 1
| #define HAVE_UNISTD_H 1
| #define HAVE_ALARM 1
| #define HAVE_SYS_TYPES_H 1
| #define HAVE_STRINGS_H 1
| #define HAVE_SYS_TYPES_H 1
| #define HAVE_LIBGEN_H 1
| #define HAVE_BASENAME 1
| #define HAVE_SYS_TYPES_H 1
| #define HAVE_SYS_TYPES_H 1
| #define HAVE_UNISTD_H 1
| #define HAVE_FCNTL_H 1
| #define HAVE_FCNTL 1
| #define HAVE_FCNTL_O_NONBLOCK 1
| #define HAVE_SYS_TYPES_H 1
| #define HAVE_NETDB_H 1
| #define HAVE_FREEADDRINFO 1
| #define HAVE_SYS_TYPES_H 1
| #define HAVE_SYS_XATTR_H 1
| #define HAVE_FSETXATTR 1
| #define HAVE_FSETXATTR_5 1
| #define HAVE_SYS_TYPES_H 1
| #define HAVE_GETADDRINFO 1
| #define HAVE_GETADDRINFO_THREADSAFE 1
| #define HAVE_GETHOSTBYNAME_R 1
| #define HAVE_GETHOSTBYNAME_R_6 1
| #define GETHOSTNAME_TYPE_ARG2 size_t
| #define HAVE_GETHOSTNAME 1
| #define HAVE_SYS_TYPES_H 1
| #define HAVE_NETINET_IN_H 1
| #define HAVE_IFADDRS_H 1
| #define HAVE_GETIFADDRS 1
| #define HAVE_GETPEERNAME 1
| #define HAVE_GETSOCKNAME 1
| #define HAVE_SYS_TYPES_H 1
| #define HAVE_GMTIME_R 1
| #define HAVE_SYS_TYPES_H 1
| #define HAVE_UNISTD_H 1
| #define HAVE_SYS_IOCTL_H 1
| #define HAVE_IOCTL_FIONBIO 1
| #define HAVE_IOCTL_SIOCGIFADDR 1
| /* end confdefs.h.  */
| 
| 
|       /* includes start */
| #ifdef _WIN32
| #  ifndef WIN32_LEAN_AND_MEAN
| #  define WIN32_LEAN_AND_MEAN
| #  endif
| #  include <winsock2.h>
| #endif
| /* includes end */
| 
| int main(void)
| {
| 
|       if(ioctlsocket(0, 0, 0) != 0)
|         return 1;
| 
|   return 0;
| }
| 
configure:43644: result: no
configure:43730: checking if ioctlsocket might be used
configure:43815: result: no
configure:43827: checking if IoctlSocket can be linked
configure:43845: gcc -o conftest -Werror-implicit-function-declaration -O2 -Wno-system-headers  -D_GNU_SOURCE        conftest.c -lpsl -lssl -lcrypto -lssl -lcrypto -lz  >&5
conftest.c: In function 'main':
conftest.c:161:10: error: implicit declaration of function 'IoctlSocket' [-Wimplicit-function-declaration]
  161 |       if(IoctlSocket(0, 0, 0) != 0)
      |          ^~~~~~~~~~~
configure:43845: $? = 1
configure: failed program was:
| /* confdefs.h */
| #define PACKAGE_NAME "curl"
| #define PACKAGE_TARNAME "curl"
| #define PACKAGE_VERSION "-"
| #define PACKAGE_STRING "curl -"
| #define PACKAGE_BUGREPORT "a suitable curl mailing list: https://curl.se/mail/"
| #define PACKAGE_URL ""
| #define HAVE_STDIO_H 1
| #define HAVE_STDLIB_H 1
| #define HAVE_STRING_H 1
| #define HAVE_INTTYPES_H 1
| #define HAVE_STDINT_H 1
| #define HAVE_STRINGS_H 1
| #define HAVE_SYS_STAT_H 1
| #define HAVE_SYS_TYPES_H 1
| #define HAVE_UNISTD_H 1
| #define STDC_HEADERS 1
| #define HAVE_STDATOMIC_H 1
| #define HAVE_ATOMIC 1
| #define PACKAGE "curl"
| #define VERSION "-"
| #define CURL_OS "x86_64-pc-linux-gnu"
| #define HAVE_DLFCN_H 1
| #define LT_OBJDIR ".libs/"
| #define HAVE_LDAP_SSL 1
| #define HAVE_SYS_TYPES_H 1
| #define HAVE_CLOCK_GETTIME_MONOTONIC 1
| #define HAVE_SYS_TYPES_H 1
| #define HAVE_CLOCK_GETTIME_MONOTONIC_RAW 1
| #define HAVE_LIBZ 1
| #define USE_IPV6 1
| #define HAVE_SOCKADDR_IN6_SIN6_SCOPE_ID 1
| #define HAVE_WRITABLE_ARGV 1
| #define HAVE_LIBSSL 1
| #define HAVE_OPENSSL_RSA_H 1
| #define USE_OPENSSL 1
| #define HAVE_OPENSSL_CRYPTO_H 1
| #define USE_OPENSSL 1
| #define HAVE_OPENSSL_PEM_H 1
| #define USE_OPENSSL 1
| #define HAVE_OPENSSL_SSL_H 1
| #define USE_OPENSSL 1
| #define HAVE_OPENSSL_ERR_H 1
| #define USE_OPENSSL 1
| #define HAVE_SSL_SET_QUIC_TLS_CBS 1
| #define HAVE_DES_ECB_ENCRYPT 1
| #define HAVE_OPENSSL_SRP 1
| #define CURL_CA_BUNDLE "/etc/ssl/certs/ca-certificates.crt"
| #define CURL_CA_PATH "/etc/ssl/certs"
| #define HAVE_LIBPSL_H 1
| #define USE_LIBPSL 1
| #define CURL_DISABLE_LDAP 1
| #define CURL_DISABLE_LDAPS 1
| #define HAVE_SYS_TYPES_H 1
| #define HAVE_SYS_SELECT_H 1
| #define HAVE_SYS_IOCTL_H 1
| #define HAVE_UNISTD_H 1
| #define HAVE_ARPA_INET_H 1
| #define HAVE_NET_IF_H 1
| #define HAVE_NETINET_IN_H 1
| #define HAVE_SYS_UN_H 1
| #define HAVE_LINUX_TCP_H 1
| #define HAVE_NETINET_TCP_H 1
| #define HAVE_NETINET_UDP_H 1
| #define HAVE_NETDB_H 1
| #define HAVE_SYS_PARAM_H 1
| #define HAVE_TERMIOS_H 1
| #define HAVE_FCNTL_H 1
| #define HAVE_PWD_H 1
| #define HAVE_UTIME_H 1
| #define HAVE_SYS_POLL_H 1
| #define HAVE_POLL_H 1
| #define HAVE_SYS_RESOURCE_H 1
| #define HAVE_LIBGEN_H 1
| #define HAVE_LOCALE_H 1
| #define HAVE_STDBOOL_H 1
| #define HAVE_SYS_EVENTFD_H 1
| #define HAVE_SYS_TYPES_H 1
| #define HAVE_STRUCT_TIMEVAL 1
| #define SIZEOF_SIZE_T 8
| #define SIZEOF_LONG 8
| #define SIZEOF_INT 4
| #define SIZEOF_TIME_T 8
| #define SIZEOF_OFF_T 8
| #define SIZEOF_CURL_OFF_T 8
| #define SIZEOF_CURL_SOCKET_T 4
| #define HAVE_BOOL_T 1
| #define HAVE_SA_FAMILY_T 1
| #define HAVE_SUSECONDS_T 1
| #define HAVE_STRUCT_SOCKADDR_STORAGE 1
| #define HAVE_SYS_SELECT_H 1
| #define HAVE_SELECT 1
| #define HAVE_SYS_TYPES_H 1
| #define HAVE_RECV 1
| #define HAVE_SYS_TYPES_H 1
| #define HAVE_SEND 1
| #define HAVE_SYS_TYPES_H 1
| #define HAVE_UNISTD_H 1
| #define HAVE_ALARM 1
| #define HAVE_SYS_TYPES_H 1
| #define HAVE_STRINGS_H 1
| #define HAVE_SYS_TYPES_H 1
| #define HAVE_LIBGEN_H 1
| #define HAVE_BASENAME 1
| #define HAVE_SYS_TYPES_H 1
| #define HAVE_SYS_TYPES_H 1
| #define HAVE_UNISTD_H 1
| #define HAVE_FCNTL_H 1
| #define HAVE_FCNTL 1
| #define HAVE_FCNTL_O_NONBLOCK 1
| #define HAVE_SYS_TYPES_H 1
| #define HAVE_NETDB_H 1
| #define HAVE_FREEADDRINFO 1
| #define HAVE_SYS_TYPES_H 1
| #define HAVE_SYS_XATTR_H 1
| #define HAVE_FSETXATTR 1
| #define HAVE_FSETXATTR_5 1
| #define HAVE_SYS_TYPES_H 1
| #define HAVE_GETADDRINFO 1
| #define HAVE_GETADDRINFO_THREADSAFE 1
| #define HAVE_GETHOSTBYNAME_R 1
| #define HAVE_GETHOSTBYNAME_R_6 1
| #define GETHOSTNAME_TYPE_ARG2 size_t
| #define HAVE_GETHOSTNAME 1
| #define HAVE_SYS_TYPES_H 1
| #define HAVE_NETINET_IN_H 1
| #define HAVE_IFADDRS_H 1
| #define HAVE_GETIFADDRS 1
| #define HAVE_GETPEERNAME 1
| #define HAVE_GETSOCKNAME 1
| #define HAVE_SYS_TYPES_H 1
| #define HAVE_GMTIME_R 1
| #define HAVE_SYS_TYPES_H 1
| #define HAVE_UNISTD_H 1
| #define HAVE_SYS_IOCTL_H 1
| #define HAVE_IOCTL_FIONBIO 1
| #define HAVE_IOCTL_SIOCGIFADDR 1
| /* end confdefs.h.  */
| 
| 
|       /* includes start */
| #ifdef HAVE_PROTO_BSDSOCKET_H
| #  define __NO_NET_API
| #  define __USE_INLINE__
| #  include <proto/bsdsocket.h>
| #  ifdef HAVE_SYS_IOCTL_H
| #    include <sys/ioctl.h>
| #  endif
| #  ifdef __amigaos4__
| struct SocketIFace *ISocket = NULL;
| #  else
| struct Library *SocketBase = NULL;
| #  endif
| #  define select(a, b, c, d, e)  WaitSelect(a, b, c, d, e, 0)
| #endif
| /* includes end */
| 
| int main(void)
| {
| 
|       if(IoctlSocket(0, 0, 0) != 0)
|         return 1;
| 
|   return 0;
| }
| 
configure:43854: result: no
configure:43912: checking if IoctlSocket might be used
configure:43997: result: no
configure:44012: checking if localtime_r can be linked
configure:44040: gcc -o conftest -Werror-implicit-function-declaration -O2 -Wno-system-headers  -D_GNU_SOURCE        conftest.c -lpsl -lssl -lcrypto -lssl -lcrypto -lz  >&5
configure:44040: $? = 0
configure:44043: result: yes
configure:44058: checking if localtime_r is prototyped
configure:44070: result: yes
configure:44086: checking if localtime_r is compilable
configure:44107: gcc -c -Werror-implicit-function-declaration -O2 -Wno-system-headers  -D_GNU_SOURCE    conftest.c >&5
configure:44107: $? = 0
configure:44110: result: yes
configure:44126: checking if localtime_r seems to work
configure:44214: sh ./run-compiler -o conftest -Werror-implicit-function-declaration -O2 -Wno-system-headers  -D_GNU_SOURCE        conftest.c -lpsl -lssl -lcrypto -lssl -lcrypto -lz  >&5
configure:44214: $? = 0
configure:44214: ./conftest
configure:44214: $? = 0
configure:44216: result: yes
configure:44239: checking if localtime_r usage allowed
configure:44242: result: yes
configure:44252: checking if localtime_r might be used
configure:44259: result: yes
configure:44280: checking if memrchr can be linked
configure:44308: gcc -o conftest -Werror-implicit-function-declaration -O2 -Wno-system-headers  -D_GNU_SOURCE        conftest.c -lpsl -lssl -lcrypto -lssl -lcrypto -lz  >&5
configure:44308: $? = 0
configure:44311: result: yes
configure:44363: checking if memrchr is prototyped
configure:44375: result: yes
configure:44392: checking if memrchr is compilable
configure:44410: gcc -c -Werror-implicit-function-declaration -O2 -Wno-system-headers  -D_GNU_SOURCE    conftest.c >&5
configure:44410: $? = 0
configure:44413: result: yes
configure:44428: checking if memrchr usage allowed
configure:44431: result: yes
configure:44441: checking if memrchr might be used
configure:44447: result: yes
configure:44467: checking for sys/types.h
configure:44467: result: yes
configure:44484: checking if sigaction can be linked
configure:44512: gcc -o conftest -Werror-implicit-function-declaration -O2 -Wno-system-headers  -D_GNU_SOURCE        conftest.c -lpsl -lssl -lcrypto -lssl -lcrypto -lz  >&5
configure:44512: $? = 0
configure:44515: result: yes
configure:44530: checking if sigaction is prototyped
configure:44542: result: yes
configure:44558: checking if sigaction is compilable
configure:44576: gcc -c -Werror-implicit-function-declaration -O2 -Wno-system-headers  -D_GNU_SOURCE    conftest.c >&5
configure:44576: $? = 0
configure:44579: result: yes
configure:44594: checking if sigaction usage allowed
configure:44597: result: yes
configure:44607: checking if sigaction might be used
configure:44613: result: yes
configure:44633: checking if siginterrupt can be linked
configure:44661: gcc -o conftest -Werror-implicit-function-declaration -O2 -Wno-system-headers  -D_GNU_SOURCE        conftest.c -lpsl -lssl -lcrypto -lssl -lcrypto -lz  >&5
configure:44661: $? = 0
configure:44664: result: yes
configure:44679: checking if siginterrupt is prototyped
configure:44691: result: yes
configure:44707: checking if siginterrupt is compilable
configure:44725: gcc -c -Werror-implicit-function-declaration -O2 -Wno-system-headers  -D_GNU_SOURCE    conftest.c >&5
conftest.c: In function 'main':
conftest.c:155:9: warning: 'siginterrupt' is deprecated: Use sigaction with SA_RESTART instead [-Wdeprecated-declarations]
  155 |         if(siginterrupt(0, 0) != 0)
      |         ^~
In file included from conftest.c:149:
/usr/include/signal.h:324:12: note: declared here
  324 | extern int siginterrupt (int __sig, int __interrupt) __THROW
      |            ^~~~~~~~~~~~
configure:44725: $? = 0
configure:44728: result: yes
configure:44743: checking if siginterrupt usage allowed
configure:44746: result: yes
configure:44756: checking if siginterrupt might be used
configure:44762: result: yes
configure:44782: checking if signal can be linked
configure:44810: gcc -o conftest -Werror-implicit-function-declaration -O2 -Wno-system-headers  -D_GNU_SOURCE        conftest.c -lpsl -lssl -lcrypto -lssl -lcrypto -lz  >&5
configure:44810: $? = 0
configure:44813: result: yes
configure:44828: checking if signal is prototyped
configure:44840: result: yes
configure:44856: checking if signal is compilable
configure:44874: gcc -c -Werror-implicit-function-declaration -O2 -Wno-system-headers  -D_GNU_SOURCE    conftest.c >&5
configure:44874: $? = 0
configure:44877: result: yes
configure:44892: checking if signal usage allowed
configure:44895: result: yes
configure:44905: checking if signal might be used
configure:44911: result: yes
configure:44931: checking for sys/types.h
configure:44931: result: yes
configure:44949: checking if sigsetjmp can be linked
configure:44977: gcc -o conftest -Werror-implicit-function-declaration -O2 -Wno-system-headers  -D_GNU_SOURCE        conftest.c -lpsl -lssl -lcrypto -lssl -lcrypto -lz  >&5
/usr/bin/x86_64-linux-gnu-ld.bfd: /tmp/ccA5aYbP.o: in function `main':
conftest.c:(.text.startup+0x5): undefined reference to `sigsetjmp'
collect2: error: ld returned 1 exit status
configure:44977: $? = 1
configure: failed program was:
| /* confdefs.h */
| #define PACKAGE_NAME "curl"
| #define PACKAGE_TARNAME "curl"
| #define PACKAGE_VERSION "-"
| #define PACKAGE_STRING "curl -"
| #define PACKAGE_BUGREPORT "a suitable curl mailing list: https://curl.se/mail/"
| #define PACKAGE_URL ""
| #define HAVE_STDIO_H 1
| #define HAVE_STDLIB_H 1
| #define HAVE_STRING_H 1
| #define HAVE_INTTYPES_H 1
| #define HAVE_STDINT_H 1
| #define HAVE_STRINGS_H 1
| #define HAVE_SYS_STAT_H 1
| #define HAVE_SYS_TYPES_H 1
| #define HAVE_UNISTD_H 1
| #define STDC_HEADERS 1
| #define HAVE_STDATOMIC_H 1
| #define HAVE_ATOMIC 1
| #define PACKAGE "curl"
| #define VERSION "-"
| #define CURL_OS "x86_64-pc-linux-gnu"
| #define HAVE_DLFCN_H 1
| #define LT_OBJDIR ".libs/"
| #define HAVE_LDAP_SSL 1
| #define HAVE_SYS_TYPES_H 1
| #define HAVE_CLOCK_GETTIME_MONOTONIC 1
| #define HAVE_SYS_TYPES_H 1
| #define HAVE_CLOCK_GETTIME_MONOTONIC_RAW 1
| #define HAVE_LIBZ 1
| #define USE_IPV6 1
| #define HAVE_SOCKADDR_IN6_SIN6_SCOPE_ID 1
| #define HAVE_WRITABLE_ARGV 1
| #define HAVE_LIBSSL 1
| #define HAVE_OPENSSL_RSA_H 1
| #define USE_OPENSSL 1
| #define HAVE_OPENSSL_CRYPTO_H 1
| #define USE_OPENSSL 1
| #define HAVE_OPENSSL_PEM_H 1
| #define USE_OPENSSL 1
| #define HAVE_OPENSSL_SSL_H 1
| #define USE_OPENSSL 1
| #define HAVE_OPENSSL_ERR_H 1
| #define USE_OPENSSL 1
| #define HAVE_SSL_SET_QUIC_TLS_CBS 1
| #define HAVE_DES_ECB_ENCRYPT 1
| #define HAVE_OPENSSL_SRP 1
| #define CURL_CA_BUNDLE "/etc/ssl/certs/ca-certificates.crt"
| #define CURL_CA_PATH "/etc/ssl/certs"
| #define HAVE_LIBPSL_H 1
| #define USE_LIBPSL 1
| #define CURL_DISABLE_LDAP 1
| #define CURL_DISABLE_LDAPS 1
| #define HAVE_SYS_TYPES_H 1
| #define HAVE_SYS_SELECT_H 1
| #define HAVE_SYS_IOCTL_H 1
| #define HAVE_UNISTD_H 1
| #define HAVE_ARPA_INET_H 1
| #define HAVE_NET_IF_H 1
| #define HAVE_NETINET_IN_H 1
| #define HAVE_SYS_UN_H 1
| #define HAVE_LINUX_TCP_H 1
| #define HAVE_NETINET_TCP_H 1
| #define HAVE_NETINET_UDP_H 1
| #define HAVE_NETDB_H 1
| #define HAVE_SYS_PARAM_H 1
| #define HAVE_TERMIOS_H 1
| #define HAVE_FCNTL_H 1
| #define HAVE_PWD_H 1
| #define HAVE_UTIME_H 1
| #define HAVE_SYS_POLL_H 1
| #define HAVE_POLL_H 1
| #define HAVE_SYS_RESOURCE_H 1
| #define HAVE_LIBGEN_H 1
| #define HAVE_LOCALE_H 1
| #define HAVE_STDBOOL_H 1
| #define HAVE_SYS_EVENTFD_H 1
| #define HAVE_SYS_TYPES_H 1
| #define HAVE_STRUCT_TIMEVAL 1
| #define SIZEOF_SIZE_T 8
| #define SIZEOF_LONG 8
| #define SIZEOF_INT 4
| #define SIZEOF_TIME_T 8
| #define SIZEOF_OFF_T 8
| #define SIZEOF_CURL_OFF_T 8
| #define SIZEOF_CURL_SOCKET_T 4
| #define HAVE_BOOL_T 1
| #define HAVE_SA_FAMILY_T 1
| #define HAVE_SUSECONDS_T 1
| #define HAVE_STRUCT_SOCKADDR_STORAGE 1
| #define HAVE_SYS_SELECT_H 1
| #define HAVE_SELECT 1
| #define HAVE_SYS_TYPES_H 1
| #define HAVE_RECV 1
| #define HAVE_SYS_TYPES_H 1
| #define HAVE_SEND 1
| #define HAVE_SYS_TYPES_H 1
| #define HAVE_UNISTD_H 1
| #define HAVE_ALARM 1
| #define HAVE_SYS_TYPES_H 1
| #define HAVE_STRINGS_H 1
| #define HAVE_SYS_TYPES_H 1
| #define HAVE_LIBGEN_H 1
| #define HAVE_BASENAME 1
| #define HAVE_SYS_TYPES_H 1
| #define HAVE_SYS_TYPES_H 1
| #define HAVE_UNISTD_H 1
| #define HAVE_FCNTL_H 1
| #define HAVE_FCNTL 1
| #define HAVE_FCNTL_O_NONBLOCK 1
| #define HAVE_SYS_TYPES_H 1
| #define HAVE_NETDB_H 1
| #define HAVE_FREEADDRINFO 1
| #define HAVE_SYS_TYPES_H 1
| #define HAVE_SYS_XATTR_H 1
| #define HAVE_FSETXATTR 1
| #define HAVE_FSETXATTR_5 1
| #define HAVE_SYS_TYPES_H 1
| #define HAVE_GETADDRINFO 1
| #define HAVE_GETADDRINFO_THREADSAFE 1
| #define HAVE_GETHOSTBYNAME_R 1
| #define HAVE_GETHOSTBYNAME_R_6 1
| #define GETHOSTNAME_TYPE_ARG2 size_t
| #define HAVE_GETHOSTNAME 1
| #define HAVE_SYS_TYPES_H 1
| #define HAVE_NETINET_IN_H 1
| #define HAVE_IFADDRS_H 1
| #define HAVE_GETIFADDRS 1
| #define HAVE_GETPEERNAME 1
| #define HAVE_GETSOCKNAME 1
| #define HAVE_SYS_TYPES_H 1
| #define HAVE_GMTIME_R 1
| #define HAVE_SYS_TYPES_H 1
| #define HAVE_UNISTD_H 1
| #define HAVE_SYS_IOCTL_H 1
| #define HAVE_IOCTL_FIONBIO 1
| #define HAVE_IOCTL_SIOCGIFADDR 1
| #define HAVE_LOCALTIME_R 1
| #define HAVE_MEMRCHR 1
| #define HAVE_SYS_TYPES_H 1
| #define HAVE_SIGACTION 1
| #define HAVE_SIGINTERRUPT 1
| #define HAVE_SIGNAL 1
| #define HAVE_SYS_TYPES_H 1
| /* end confdefs.h.  */
| 
| 
| #define sigsetjmp innocuous_sigsetjmp
| #ifdef __STDC__
| #  include <limits.h>
| #else
| #  include <assert.h>
| #endif
| #undef sigsetjmp
| #ifdef __cplusplus
| extern "C"
| #endif
| char sigsetjmp ();
| #if defined __stub_sigsetjmp || defined __stub___sigsetjmp
| #error force compilation error
| #endif
| 
| int main(void)
| {
| return sigsetjmp ();
|   return 0;
| }
| 
configure:44986: result: no
configure:44995: checking if sigsetjmp seems a macro
configure:45014: gcc -o conftest -Werror-implicit-function-declaration -O2 -Wno-system-headers  -D_GNU_SOURCE        conftest.c -lpsl -lssl -lcrypto -lssl -lcrypto -lz  >&5
configure:45014: $? = 0
configure:45017: result: yes
configure:45062: checking if sigsetjmp is compilable
configure:45081: gcc -c -Werror-implicit-function-declaration -O2 -Wno-system-headers  -D_GNU_SOURCE    conftest.c >&5
configure:45081: $? = 0
configure:45084: result: yes
configure:45099: checking if sigsetjmp usage allowed
configure:45102: result: yes
configure:45112: checking if sigsetjmp might be used
configure:45118: result: yes
configure:45139: checking if socket can be linked
configure:45159: gcc -o conftest -Werror-implicit-function-declaration -O2 -Wno-system-headers  -D_GNU_SOURCE        conftest.c -lpsl -lssl -lcrypto -lssl -lcrypto -lz  >&5
configure:45159: $? = 0
configure:45162: result: yes
configure:45177: checking if socket is prototyped
configure:45191: result: yes
configure:45207: checking if socket is compilable
configure:45227: gcc -c -Werror-implicit-function-declaration -O2 -Wno-system-headers  -D_GNU_SOURCE    conftest.c >&5
configure:45227: $? = 0
configure:45230: result: yes
configure:45245: checking if socket usage allowed
configure:45248: result: yes
configure:45258: checking if socket might be used
configure:45264: result: yes
configure:45284: checking if socketpair can be linked
configure:45312: gcc -o conftest -Werror-implicit-function-declaration -O2 -Wno-system-headers  -D_GNU_SOURCE        conftest.c -lpsl -lssl -lcrypto -lssl -lcrypto -lz  >&5
configure:45312: $? = 0
configure:45315: result: yes
configure:45330: checking if socketpair is prototyped
configure:45342: result: yes
configure:45358: checking if socketpair is compilable
configure:45377: gcc -c -Werror-implicit-function-declaration -O2 -Wno-system-headers  -D_GNU_SOURCE    conftest.c >&5
configure:45377: $? = 0
configure:45380: result: yes
configure:45395: checking if socketpair usage allowed
configure:45398: result: yes
configure:45408: checking if socketpair might be used
configure:45414: result: yes
configure:45441: checking if strerror_r can be linked
configure:45469: gcc -o conftest -Werror-implicit-function-declaration -O2 -Wno-system-headers  -D_GNU_SOURCE        conftest.c -lpsl -lssl -lcrypto -lssl -lcrypto -lz  >&5
configure:45469: $? = 0
configure:45472: result: yes
configure:45487: checking if strerror_r is prototyped
configure:45499: result: yes
configure:45515: checking if strerror_r is compilable
configure:45534: gcc -c -Werror-implicit-function-declaration -O2 -Wno-system-headers  -D_GNU_SOURCE    conftest.c >&5
configure:45534: $? = 0
configure:45537: result: yes
configure:45552: checking if strerror_r is glibc like
configure:45576: gcc -c -Werror-implicit-function-declaration -O2 -Wno-system-headers  -D_GNU_SOURCE    conftest.c >&5
configure:45576: $? = 0
configure:45592: result: yes
configure:45601: checking if strerror_r seems to work
configure:45693: sh ./run-compiler -o conftest -Werror-implicit-function-declaration -O2 -Wno-system-headers  -D_GNU_SOURCE        conftest.c -lpsl -lssl -lcrypto -lssl -lcrypto -lz  >&5
configure:45693: $? = 0
configure:45693: ./conftest
configure:45693: $? = 0
configure:45695: result: yes
configure:45899: checking if strerror_r usage allowed
configure:45902: result: yes
configure:45912: checking if strerror_r might be used
configure:45918: result: yes
configure:45960: checking for accept4
configure:45960: gcc -o conftest -Werror-implicit-function-declaration -O2 -Wno-system-headers  -D_GNU_SOURCE        conftest.c -lpsl -lssl -lcrypto -lssl -lcrypto -lz  >&5
configure:45960: $? = 0
configure:45960: result: yes
configure:45966: checking for eventfd
configure:45966: gcc -o conftest -Werror-implicit-function-declaration -O2 -Wno-system-headers  -D_GNU_SOURCE        conftest.c -lpsl -lssl -lcrypto -lssl -lcrypto -lz  >&5
configure:45966: $? = 0
configure:45966: result: yes
configure:45972: checking for fnmatch
configure:45972: gcc -o conftest -Werror-implicit-function-declaration -O2 -Wno-system-headers  -D_GNU_SOURCE        conftest.c -lpsl -lssl -lcrypto -lssl -lcrypto -lz  >&5
configure:45972: $? = 0
configure:45972: result: yes
configure:45978: checking for geteuid
configure:45978: gcc -o conftest -Werror-implicit-function-declaration -O2 -Wno-system-headers  -D_GNU_SOURCE        conftest.c -lpsl -lssl -lcrypto -lssl -lcrypto -lz  >&5
configure:45978: $? = 0
configure:45978: result: yes
configure:45984: checking for getpass_r
configure:45984: gcc -o conftest -Werror-implicit-function-declaration -O2 -Wno-system-headers  -D_GNU_SOURCE        conftest.c -lpsl -lssl -lcrypto -lssl -lcrypto -lz  >&5
/usr/bin/x86_64-linux-gnu-ld.bfd: /tmp/ccruR1ay.o: in function `main':
conftest.c:(.text.startup+0x5): undefined reference to `getpass_r'
collect2: error: ld returned 1 exit status
configure:45984: $? = 1
configure: failed program was:
| /* confdefs.h */
| #define PACKAGE_NAME "curl"
| #define PACKAGE_TARNAME "curl"
| #define PACKAGE_VERSION "-"
| #define PACKAGE_STRING "curl -"
| #define PACKAGE_BUGREPORT "a suitable curl mailing list: https://curl.se/mail/"
| #define PACKAGE_URL ""
| #define HAVE_STDIO_H 1
| #define HAVE_STDLIB_H 1
| #define HAVE_STRING_H 1
| #define HAVE_INTTYPES_H 1
| #define HAVE_STDINT_H 1
| #define HAVE_STRINGS_H 1
| #define HAVE_SYS_STAT_H 1
| #define HAVE_SYS_TYPES_H 1
| #define HAVE_UNISTD_H 1
| #define STDC_HEADERS 1
| #define HAVE_STDATOMIC_H 1
| #define HAVE_ATOMIC 1
| #define PACKAGE "curl"
| #define VERSION "-"
| #define CURL_OS "x86_64-pc-linux-gnu"
| #define HAVE_DLFCN_H 1
| #define LT_OBJDIR ".libs/"
| #define HAVE_LDAP_SSL 1
| #define HAVE_SYS_TYPES_H 1
| #define HAVE_CLOCK_GETTIME_MONOTONIC 1
| #define HAVE_SYS_TYPES_H 1
| #define HAVE_CLOCK_GETTIME_MONOTONIC_RAW 1
| #define HAVE_LIBZ 1
| #define USE_IPV6 1
| #define HAVE_SOCKADDR_IN6_SIN6_SCOPE_ID 1
| #define HAVE_WRITABLE_ARGV 1
| #define HAVE_LIBSSL 1
| #define HAVE_OPENSSL_RSA_H 1
| #define USE_OPENSSL 1
| #define HAVE_OPENSSL_CRYPTO_H 1
| #define USE_OPENSSL 1
| #define HAVE_OPENSSL_PEM_H 1
| #define USE_OPENSSL 1
| #define HAVE_OPENSSL_SSL_H 1
| #define USE_OPENSSL 1
| #define HAVE_OPENSSL_ERR_H 1
| #define USE_OPENSSL 1
| #define HAVE_SSL_SET_QUIC_TLS_CBS 1
| #define HAVE_DES_ECB_ENCRYPT 1
| #define HAVE_OPENSSL_SRP 1
| #define CURL_CA_BUNDLE "/etc/ssl/certs/ca-certificates.crt"
| #define CURL_CA_PATH "/etc/ssl/certs"
| #define HAVE_LIBPSL_H 1
| #define USE_LIBPSL 1
| #define CURL_DISABLE_LDAP 1
| #define CURL_DISABLE_LDAPS 1
| #define HAVE_SYS_TYPES_H 1
| #define HAVE_SYS_SELECT_H 1
| #define HAVE_SYS_IOCTL_H 1
| #define HAVE_UNISTD_H 1
| #define HAVE_ARPA_INET_H 1
| #define HAVE_NET_IF_H 1
| #define HAVE_NETINET_IN_H 1
| #define HAVE_SYS_UN_H 1
| #define HAVE_LINUX_TCP_H 1
| #define HAVE_NETINET_TCP_H 1
| #define HAVE_NETINET_UDP_H 1
| #define HAVE_NETDB_H 1
| #define HAVE_SYS_PARAM_H 1
| #define HAVE_TERMIOS_H 1
| #define HAVE_FCNTL_H 1
| #define HAVE_PWD_H 1
| #define HAVE_UTIME_H 1
| #define HAVE_SYS_POLL_H 1
| #define HAVE_POLL_H 1
| #define HAVE_SYS_RESOURCE_H 1
| #define HAVE_LIBGEN_H 1
| #define HAVE_LOCALE_H 1
| #define HAVE_STDBOOL_H 1
| #define HAVE_SYS_EVENTFD_H 1
| #define HAVE_SYS_TYPES_H 1
| #define HAVE_STRUCT_TIMEVAL 1
| #define SIZEOF_SIZE_T 8
| #define SIZEOF_LONG 8
| #define SIZEOF_INT 4
| #define SIZEOF_TIME_T 8
| #define SIZEOF_OFF_T 8
| #define SIZEOF_CURL_OFF_T 8
| #define SIZEOF_CURL_SOCKET_T 4
| #define HAVE_BOOL_T 1
| #define HAVE_SA_FAMILY_T 1
| #define HAVE_SUSECONDS_T 1
| #define HAVE_STRUCT_SOCKADDR_STORAGE 1
| #define HAVE_SYS_SELECT_H 1
| #define HAVE_SELECT 1
| #define HAVE_SYS_TYPES_H 1
| #define HAVE_RECV 1
| #define HAVE_SYS_TYPES_H 1
| #define HAVE_SEND 1
| #define HAVE_SYS_TYPES_H 1
| #define HAVE_UNISTD_H 1
| #define HAVE_ALARM 1
| #define HAVE_SYS_TYPES_H 1
| #define HAVE_STRINGS_H 1
| #define HAVE_SYS_TYPES_H 1
| #define HAVE_LIBGEN_H 1
| #define HAVE_BASENAME 1
| #define HAVE_SYS_TYPES_H 1
| #define HAVE_SYS_TYPES_H 1
| #define HAVE_UNISTD_H 1
| #define HAVE_FCNTL_H 1
| #define HAVE_FCNTL 1
| #define HAVE_FCNTL_O_NONBLOCK 1
| #define HAVE_SYS_TYPES_H 1
| #define HAVE_NETDB_H 1
| #define HAVE_FREEADDRINFO 1
| #define HAVE_SYS_TYPES_H 1
| #define HAVE_SYS_XATTR_H 1
| #define HAVE_FSETXATTR 1
| #define HAVE_FSETXATTR_5 1
| #define HAVE_SYS_TYPES_H 1
| #define HAVE_GETADDRINFO 1
| #define HAVE_GETADDRINFO_THREADSAFE 1
| #define HAVE_GETHOSTBYNAME_R 1
| #define HAVE_GETHOSTBYNAME_R_6 1
| #define GETHOSTNAME_TYPE_ARG2 size_t
| #define HAVE_GETHOSTNAME 1
| #define HAVE_SYS_TYPES_H 1
| #define HAVE_NETINET_IN_H 1
| #define HAVE_IFADDRS_H 1
| #define HAVE_GETIFADDRS 1
| #define HAVE_GETPEERNAME 1
| #define HAVE_GETSOCKNAME 1
| #define HAVE_SYS_TYPES_H 1
| #define HAVE_GMTIME_R 1
| #define HAVE_SYS_TYPES_H 1
| #define HAVE_UNISTD_H 1
| #define HAVE_SYS_IOCTL_H 1
| #define HAVE_IOCTL_FIONBIO 1
| #define HAVE_IOCTL_SIOCGIFADDR 1
| #define HAVE_LOCALTIME_R 1
| #define HAVE_MEMRCHR 1
| #define HAVE_SYS_TYPES_H 1
| #define HAVE_SIGACTION 1
| #define HAVE_SIGINTERRUPT 1
| #define HAVE_SIGNAL 1
| #define HAVE_SYS_TYPES_H 1
| #define HAVE_SIGSETJMP 1
| #define HAVE_SOCKET 1
| #define HAVE_SOCKETPAIR 1
| #define HAVE_STRERROR_R 1
| #define HAVE_GLIBC_STRERROR_R 1
| #define HAVE_ACCEPT4 1
| #define HAVE_EVENTFD 1
| #define HAVE_FNMATCH 1
| #define HAVE_GETEUID 1
| /* end confdefs.h.  */
| 
| #define getpass_r innocuous_getpass_r
| #ifdef __STDC__
| #  include <limits.h>
| #else
| #  include <assert.h>
| #endif
| #undef getpass_r
| #ifdef __cplusplus
| extern "C"
| #endif
| char getpass_r ();
| #if defined __stub_getpass_r || defined __stub___getpass_r
| #error force compilation error
| #endif
| 
| int main(void)
| {
| return getpass_r ();
|   return 0;
| }
configure:45984: result: no
configure:45990: checking for getppid
configure:45990: gcc -o conftest -Werror-implicit-function-declaration -O2 -Wno-system-headers  -D_GNU_SOURCE        conftest.c -lpsl -lssl -lcrypto -lssl -lcrypto -lz  >&5
configure:45990: $? = 0
configure:45990: result: yes
configure:45996: checking for getpwuid
configure:45996: gcc -o conftest -Werror-implicit-function-declaration -O2 -Wno-system-headers  -D_GNU_SOURCE        conftest.c -lpsl -lssl -lcrypto -lssl -lcrypto -lz  >&5
configure:45996: $? = 0
configure:45996: result: yes
configure:46002: checking for getpwuid_r
configure:46002: gcc -o conftest -Werror-implicit-function-declaration -O2 -Wno-system-headers  -D_GNU_SOURCE        conftest.c -lpsl -lssl -lcrypto -lssl -lcrypto -lz  >&5
configure:46002: $? = 0
configure:46002: result: yes
configure:46008: checking for getrlimit
configure:46008: gcc -o conftest -Werror-implicit-function-declaration -O2 -Wno-system-headers  -D_GNU_SOURCE        conftest.c -lpsl -lssl -lcrypto -lssl -lcrypto -lz  >&5
configure:46008: $? = 0
configure:46008: result: yes
configure:46014: checking for gettimeofday
configure:46014: gcc -o conftest -Werror-implicit-function-declaration -O2 -Wno-system-headers  -D_GNU_SOURCE        conftest.c -lpsl -lssl -lcrypto -lssl -lcrypto -lz  >&5
configure:46014: $? = 0
configure:46014: result: yes
configure:46020: checking for mach_absolute_time
configure:46020: gcc -o conftest -Werror-implicit-function-declaration -O2 -Wno-system-headers  -D_GNU_SOURCE        conftest.c -lpsl -lssl -lcrypto -lssl -lcrypto -lz  >&5
/usr/bin/x86_64-linux-gnu-ld.bfd: /tmp/ccs1Njga.o: in function `main':
conftest.c:(.text.startup+0x5): undefined reference to `mach_absolute_time'
collect2: error: ld returned 1 exit status
configure:46020: $? = 1
configure: failed program was:
| /* confdefs.h */
| #define PACKAGE_NAME "curl"
| #define PACKAGE_TARNAME "curl"
| #define PACKAGE_VERSION "-"
| #define PACKAGE_STRING "curl -"
| #define PACKAGE_BUGREPORT "a suitable curl mailing list: https://curl.se/mail/"
| #define PACKAGE_URL ""
| #define HAVE_STDIO_H 1
| #define HAVE_STDLIB_H 1
| #define HAVE_STRING_H 1
| #define HAVE_INTTYPES_H 1
| #define HAVE_STDINT_H 1
| #define HAVE_STRINGS_H 1
| #define HAVE_SYS_STAT_H 1
| #define HAVE_SYS_TYPES_H 1
| #define HAVE_UNISTD_H 1
| #define STDC_HEADERS 1
| #define HAVE_STDATOMIC_H 1
| #define HAVE_ATOMIC 1
| #define PACKAGE "curl"
| #define VERSION "-"
| #define CURL_OS "x86_64-pc-linux-gnu"
| #define HAVE_DLFCN_H 1
| #define LT_OBJDIR ".libs/"
| #define HAVE_LDAP_SSL 1
| #define HAVE_SYS_TYPES_H 1
| #define HAVE_CLOCK_GETTIME_MONOTONIC 1
| #define HAVE_SYS_TYPES_H 1
| #define HAVE_CLOCK_GETTIME_MONOTONIC_RAW 1
| #define HAVE_LIBZ 1
| #define USE_IPV6 1
| #define HAVE_SOCKADDR_IN6_SIN6_SCOPE_ID 1
| #define HAVE_WRITABLE_ARGV 1
| #define HAVE_LIBSSL 1
| #define HAVE_OPENSSL_RSA_H 1
| #define USE_OPENSSL 1
| #define HAVE_OPENSSL_CRYPTO_H 1
| #define USE_OPENSSL 1
| #define HAVE_OPENSSL_PEM_H 1
| #define USE_OPENSSL 1
| #define HAVE_OPENSSL_SSL_H 1
| #define USE_OPENSSL 1
| #define HAVE_OPENSSL_ERR_H 1
| #define USE_OPENSSL 1
| #define HAVE_SSL_SET_QUIC_TLS_CBS 1
| #define HAVE_DES_ECB_ENCRYPT 1
| #define HAVE_OPENSSL_SRP 1
| #define CURL_CA_BUNDLE "/etc/ssl/certs/ca-certificates.crt"
| #define CURL_CA_PATH "/etc/ssl/certs"
| #define HAVE_LIBPSL_H 1
| #define USE_LIBPSL 1
| #define CURL_DISABLE_LDAP 1
| #define CURL_DISABLE_LDAPS 1
| #define HAVE_SYS_TYPES_H 1
| #define HAVE_SYS_SELECT_H 1
| #define HAVE_SYS_IOCTL_H 1
| #define HAVE_UNISTD_H 1
| #define HAVE_ARPA_INET_H 1
| #define HAVE_NET_IF_H 1
| #define HAVE_NETINET_IN_H 1
| #define HAVE_SYS_UN_H 1
| #define HAVE_LINUX_TCP_H 1
| #define HAVE_NETINET_TCP_H 1
| #define HAVE_NETINET_UDP_H 1
| #define HAVE_NETDB_H 1
| #define HAVE_SYS_PARAM_H 1
| #define HAVE_TERMIOS_H 1
| #define HAVE_FCNTL_H 1
| #define HAVE_PWD_H 1
| #define HAVE_UTIME_H 1
| #define HAVE_SYS_POLL_H 1
| #define HAVE_POLL_H 1
| #define HAVE_SYS_RESOURCE_H 1
| #define HAVE_LIBGEN_H 1
| #define HAVE_LOCALE_H 1
| #define HAVE_STDBOOL_H 1
| #define HAVE_SYS_EVENTFD_H 1
| #define HAVE_SYS_TYPES_H 1
| #define HAVE_STRUCT_TIMEVAL 1
| #define SIZEOF_SIZE_T 8
| #define SIZEOF_LONG 8
| #define SIZEOF_INT 4
| #define SIZEOF_TIME_T 8
| #define SIZEOF_OFF_T 8
| #define SIZEOF_CURL_OFF_T 8
| #define SIZEOF_CURL_SOCKET_T 4
| #define HAVE_BOOL_T 1
| #define HAVE_SA_FAMILY_T 1
| #define HAVE_SUSECONDS_T 1
| #define HAVE_STRUCT_SOCKADDR_STORAGE 1
| #define HAVE_SYS_SELECT_H 1
| #define HAVE_SELECT 1
| #define HAVE_SYS_TYPES_H 1
| #define HAVE_RECV 1
| #define HAVE_SYS_TYPES_H 1
| #define HAVE_SEND 1
| #define HAVE_SYS_TYPES_H 1
| #define HAVE_UNISTD_H 1
| #define HAVE_ALARM 1
| #define HAVE_SYS_TYPES_H 1
| #define HAVE_STRINGS_H 1
| #define HAVE_SYS_TYPES_H 1
| #define HAVE_LIBGEN_H 1
| #define HAVE_BASENAME 1
| #define HAVE_SYS_TYPES_H 1
| #define HAVE_SYS_TYPES_H 1
| #define HAVE_UNISTD_H 1
| #define HAVE_FCNTL_H 1
| #define HAVE_FCNTL 1
| #define HAVE_FCNTL_O_NONBLOCK 1
| #define HAVE_SYS_TYPES_H 1
| #define HAVE_NETDB_H 1
| #define HAVE_FREEADDRINFO 1
| #define HAVE_SYS_TYPES_H 1
| #define HAVE_SYS_XATTR_H 1
| #define HAVE_FSETXATTR 1
| #define HAVE_FSETXATTR_5 1
| #define HAVE_SYS_TYPES_H 1
| #define HAVE_GETADDRINFO 1
| #define HAVE_GETADDRINFO_THREADSAFE 1
| #define HAVE_GETHOSTBYNAME_R 1
| #define HAVE_GETHOSTBYNAME_R_6 1
| #define GETHOSTNAME_TYPE_ARG2 size_t
| #define HAVE_GETHOSTNAME 1
| #define HAVE_SYS_TYPES_H 1
| #define HAVE_NETINET_IN_H 1
| #define HAVE_IFADDRS_H 1
| #define HAVE_GETIFADDRS 1
| #define HAVE_GETPEERNAME 1
| #define HAVE_GETSOCKNAME 1
| #define HAVE_SYS_TYPES_H 1
| #define HAVE_GMTIME_R 1
| #define HAVE_SYS_TYPES_H 1
| #define HAVE_UNISTD_H 1
| #define HAVE_SYS_IOCTL_H 1
| #define HAVE_IOCTL_FIONBIO 1
| #define HAVE_IOCTL_SIOCGIFADDR 1
| #define HAVE_LOCALTIME_R 1
| #define HAVE_MEMRCHR 1
| #define HAVE_SYS_TYPES_H 1
| #define HAVE_SIGACTION 1
| #define HAVE_SIGINTERRUPT 1
| #define HAVE_SIGNAL 1
| #define HAVE_SYS_TYPES_H 1
| #define HAVE_SIGSETJMP 1
| #define HAVE_SOCKET 1
| #define HAVE_SOCKETPAIR 1
| #define HAVE_STRERROR_R 1
| #define HAVE_GLIBC_STRERROR_R 1
| #define HAVE_ACCEPT4 1
| #define HAVE_EVENTFD 1
| #define HAVE_FNMATCH 1
| #define HAVE_GETEUID 1
| #define HAVE_GETPPID 1
| #define HAVE_GETPWUID 1
| #define HAVE_GETPWUID_R 1
| #define HAVE_GETRLIMIT 1
| #define HAVE_GETTIMEOFDAY 1
| /* end confdefs.h.  */
| 
| #define mach_absolute_time innocuous_mach_absolute_time
| #ifdef __STDC__
| #  include <limits.h>
| #else
| #  include <assert.h>
| #endif
| #undef mach_absolute_time
| #ifdef __cplusplus
| extern "C"
| #endif
| char mach_absolute_time ();
| #if defined __stub_mach_absolute_time || defined __stub___mach_absolute_time
| #error force compilation error
| #endif
| 
| int main(void)
| {
| return mach_absolute_time ();
|   return 0;
| }
configure:46020: result: no
configure:46026: checking for pipe
configure:46026: gcc -o conftest -Werror-implicit-function-declaration -O2 -Wno-system-headers  -D_GNU_SOURCE        conftest.c -lpsl -lssl -lcrypto -lssl -lcrypto -lz  >&5
configure:46026: $? = 0
configure:46026: result: yes
configure:46032: checking for poll
configure:46032: gcc -o conftest -Werror-implicit-function-declaration -O2 -Wno-system-headers  -D_GNU_SOURCE        conftest.c -lpsl -lssl -lcrypto -lssl -lcrypto -lz  >&5
configure:46032: $? = 0
configure:46032: result: yes
configure:46038: checking for sendmmsg
configure:46038: gcc -o conftest -Werror-implicit-function-declaration -O2 -Wno-system-headers  -D_GNU_SOURCE        conftest.c -lpsl -lssl -lcrypto -lssl -lcrypto -lz  >&5
configure:46038: $? = 0
configure:46038: result: yes
configure:46044: checking for sendmsg
configure:46044: gcc -o conftest -Werror-implicit-function-declaration -O2 -Wno-system-headers  -D_GNU_SOURCE        conftest.c -lpsl -lssl -lcrypto -lssl -lcrypto -lz  >&5
configure:46044: $? = 0
configure:46044: result: yes
configure:46050: checking for setlocale
configure:46050: gcc -o conftest -Werror-implicit-function-declaration -O2 -Wno-system-headers  -D_GNU_SOURCE        conftest.c -lpsl -lssl -lcrypto -lssl -lcrypto -lz  >&5
configure:46050: $? = 0
configure:46050: result: yes
configure:46056: checking for setrlimit
configure:46056: gcc -o conftest -Werror-implicit-function-declaration -O2 -Wno-system-headers  -D_GNU_SOURCE        conftest.c -lpsl -lssl -lcrypto -lssl -lcrypto -lz  >&5
configure:46056: $? = 0
configure:46056: result: yes
configure:46062: checking for utime
configure:46062: gcc -o conftest -Werror-implicit-function-declaration -O2 -Wno-system-headers  -D_GNU_SOURCE        conftest.c -lpsl -lssl -lcrypto -lssl -lcrypto -lz  >&5
configure:46062: $? = 0
configure:46062: result: yes
configure:46068: checking for utimes
configure:46068: gcc -o conftest -Werror-implicit-function-declaration -O2 -Wno-system-headers  -D_GNU_SOURCE        conftest.c -lpsl -lssl -lcrypto -lssl -lcrypto -lz  >&5
configure:46068: $? = 0
configure:46068: result: yes
configure:46077: checking for pipe2
configure:46077: gcc -o conftest -Werror-implicit-function-declaration -O2 -Wno-system-headers  -D_GNU_SOURCE        conftest.c -lpsl -lssl -lcrypto -lssl -lcrypto -lz  >&5
configure:46077: $? = 0
configure:46077: result: yes
configure:46087: checking for if_nametoindex
configure:46087: gcc -o conftest -Werror-implicit-function-declaration -O2 -Wno-system-headers  -D_GNU_SOURCE        conftest.c -lpsl -lssl -lcrypto -lssl -lcrypto -lz  >&5
configure:46087: $? = 0
configure:46087: result: yes
configure:46093: checking for realpath
configure:46093: gcc -o conftest -Werror-implicit-function-declaration -O2 -Wno-system-headers  -D_GNU_SOURCE        conftest.c -lpsl -lssl -lcrypto -lssl -lcrypto -lz  >&5
configure:46093: $? = 0
configure:46093: result: yes
configure:46099: checking for sched_yield
configure:46099: gcc -o conftest -Werror-implicit-function-declaration -O2 -Wno-system-headers  -D_GNU_SOURCE        conftest.c -lpsl -lssl -lcrypto -lssl -lcrypto -lz  >&5
configure:46099: $? = 0
configure:46099: result: yes
configure:46125: checking for sys/types.h
configure:46125: result: yes
configure:46132: checking for netinet/in.h
configure:46132: result: yes
configure:46139: checking for arpa/inet.h
configure:46139: result: yes
configure:46159: checking if inet_ntop can be linked
configure:46187: gcc -o conftest -Werror-implicit-function-declaration -O2 -Wno-system-headers  -D_GNU_SOURCE        conftest.c -lpsl -lssl -lcrypto -lssl -lcrypto -lz  >&5
configure:46187: $? = 0
configure:46190: result: yes
configure:46205: checking if inet_ntop is prototyped
configure:46217: result: yes
configure:46233: checking if inet_ntop is compilable
configure:46253: gcc -c -Werror-implicit-function-declaration -O2 -Wno-system-headers  -D_GNU_SOURCE    conftest.c >&5
configure:46253: $? = 0
configure:46256: result: yes
configure:46272: checking if inet_ntop seems to work
configure:46442: sh ./run-compiler -o conftest -Werror-implicit-function-declaration -O2 -Wno-system-headers  -D_GNU_SOURCE        conftest.c -lpsl -lssl -lcrypto -lssl -lcrypto -lz  >&5
configure:46442: $? = 0
configure:46442: ./conftest
configure:46442: $? = 0
configure:46444: result: yes
configure:46467: checking if inet_ntop usage allowed
configure:46470: result: yes
configure:46480: checking if inet_ntop might be used
configure:46487: result: yes
configure:46510: checking if inet_pton can be linked
configure:46538: gcc -o conftest -Werror-implicit-function-declaration -O2 -Wno-system-headers  -D_GNU_SOURCE        conftest.c -lpsl -lssl -lcrypto -lssl -lcrypto -lz  >&5
configure:46538: $? = 0
configure:46541: result: yes
configure:46556: checking if inet_pton is prototyped
configure:46568: result: yes
configure:46584: checking if inet_pton is compilable
configure:46604: gcc -c -Werror-implicit-function-declaration -O2 -Wno-system-headers  -D_GNU_SOURCE    conftest.c >&5
configure:46604: $? = 0
configure:46607: result: yes
configure:46623: checking if inet_pton seems to work
configure:46779: sh ./run-compiler -o conftest -Werror-implicit-function-declaration -O2 -Wno-system-headers  -D_GNU_SOURCE        conftest.c -lpsl -lssl -lcrypto -lssl -lcrypto -lz  >&5
configure:46779: $? = 0
configure:46779: ./conftest
configure:46779: $? = 0
configure:46781: result: yes
configure:46804: checking if inet_pton usage allowed
configure:46807: result: yes
configure:46817: checking if inet_pton might be used
configure:46824: result: yes
configure:46844: checking if strcasecmp can be linked
configure:46872: gcc -o conftest -Werror-implicit-function-declaration -O2 -Wno-system-headers  -D_GNU_SOURCE        conftest.c -lpsl -lssl -lcrypto -lssl -lcrypto -lz  >&5
conftest.c:189:6: warning: conflicting types for built-in function 'strcasecmp'; expected 'int(const char *, const char *)' [-Wbuiltin-declaration-mismatch]
  189 | char strcasecmp ();
      |      ^~~~~~~~~~
configure:46872: $? = 0
configure:46875: result: yes
configure:46890: checking if strcasecmp is prototyped
configure:46902: result: yes
configure:46918: checking if strcasecmp is compilable
configure:46936: gcc -c -Werror-implicit-function-declaration -O2 -Wno-system-headers  -D_GNU_SOURCE    conftest.c >&5
configure:46936: $? = 0
configure:46939: result: yes
configure:46954: checking if strcasecmp usage allowed
configure:46957: result: yes
configure:46967: checking if strcasecmp might be used
configure:46973: result: yes
configure:46993: checking if strcmpi can be linked
configure:47021: gcc -o conftest -Werror-implicit-function-declaration -O2 -Wno-system-headers  -D_GNU_SOURCE        conftest.c -lpsl -lssl -lcrypto -lssl -lcrypto -lz  >&5
/usr/bin/x86_64-linux-gnu-ld.bfd: /tmp/cc1PXgAt.o: in function `main':
conftest.c:(.text.startup+0x5): undefined reference to `strcmpi'
collect2: error: ld returned 1 exit status
configure:47021: $? = 1
configure: failed program was:
| /* confdefs.h */
| #define PACKAGE_NAME "curl"
| #define PACKAGE_TARNAME "curl"
| #define PACKAGE_VERSION "-"
| #define PACKAGE_STRING "curl -"
| #define PACKAGE_BUGREPORT "a suitable curl mailing list: https://curl.se/mail/"
| #define PACKAGE_URL ""
| #define HAVE_STDIO_H 1
| #define HAVE_STDLIB_H 1
| #define HAVE_STRING_H 1
| #define HAVE_INTTYPES_H 1
| #define HAVE_STDINT_H 1
| #define HAVE_STRINGS_H 1
| #define HAVE_SYS_STAT_H 1
| #define HAVE_SYS_TYPES_H 1
| #define HAVE_UNISTD_H 1
| #define STDC_HEADERS 1
| #define HAVE_STDATOMIC_H 1
| #define HAVE_ATOMIC 1
| #define PACKAGE "curl"
| #define VERSION "-"
| #define CURL_OS "x86_64-pc-linux-gnu"
| #define HAVE_DLFCN_H 1
| #define LT_OBJDIR ".libs/"
| #define HAVE_LDAP_SSL 1
| #define HAVE_SYS_TYPES_H 1
| #define HAVE_CLOCK_GETTIME_MONOTONIC 1
| #define HAVE_SYS_TYPES_H 1
| #define HAVE_CLOCK_GETTIME_MONOTONIC_RAW 1
| #define HAVE_LIBZ 1
| #define USE_IPV6 1
| #define HAVE_SOCKADDR_IN6_SIN6_SCOPE_ID 1
| #define HAVE_WRITABLE_ARGV 1
| #define HAVE_LIBSSL 1
| #define HAVE_OPENSSL_RSA_H 1
| #define USE_OPENSSL 1
| #define HAVE_OPENSSL_CRYPTO_H 1
| #define USE_OPENSSL 1
| #define HAVE_OPENSSL_PEM_H 1
| #define USE_OPENSSL 1
| #define HAVE_OPENSSL_SSL_H 1
| #define USE_OPENSSL 1
| #define HAVE_OPENSSL_ERR_H 1
| #define USE_OPENSSL 1
| #define HAVE_SSL_SET_QUIC_TLS_CBS 1
| #define HAVE_DES_ECB_ENCRYPT 1
| #define HAVE_OPENSSL_SRP 1
| #define CURL_CA_BUNDLE "/etc/ssl/certs/ca-certificates.crt"
| #define CURL_CA_PATH "/etc/ssl/certs"
| #define HAVE_LIBPSL_H 1
| #define USE_LIBPSL 1
| #define CURL_DISABLE_LDAP 1
| #define CURL_DISABLE_LDAPS 1
| #define HAVE_SYS_TYPES_H 1
| #define HAVE_SYS_SELECT_H 1
| #define HAVE_SYS_IOCTL_H 1
| #define HAVE_UNISTD_H 1
| #define HAVE_ARPA_INET_H 1
| #define HAVE_NET_IF_H 1
| #define HAVE_NETINET_IN_H 1
| #define HAVE_SYS_UN_H 1
| #define HAVE_LINUX_TCP_H 1
| #define HAVE_NETINET_TCP_H 1
| #define HAVE_NETINET_UDP_H 1
| #define HAVE_NETDB_H 1
| #define HAVE_SYS_PARAM_H 1
| #define HAVE_TERMIOS_H 1
| #define HAVE_FCNTL_H 1
| #define HAVE_PWD_H 1
| #define HAVE_UTIME_H 1
| #define HAVE_SYS_POLL_H 1
| #define HAVE_POLL_H 1
| #define HAVE_SYS_RESOURCE_H 1
| #define HAVE_LIBGEN_H 1
| #define HAVE_LOCALE_H 1
| #define HAVE_STDBOOL_H 1
| #define HAVE_SYS_EVENTFD_H 1
| #define HAVE_SYS_TYPES_H 1
| #define HAVE_STRUCT_TIMEVAL 1
| #define SIZEOF_SIZE_T 8
| #define SIZEOF_LONG 8
| #define SIZEOF_INT 4
| #define SIZEOF_TIME_T 8
| #define SIZEOF_OFF_T 8
| #define SIZEOF_CURL_OFF_T 8
| #define SIZEOF_CURL_SOCKET_T 4
| #define HAVE_BOOL_T 1
| #define HAVE_SA_FAMILY_T 1
| #define HAVE_SUSECONDS_T 1
| #define HAVE_STRUCT_SOCKADDR_STORAGE 1
| #define HAVE_SYS_SELECT_H 1
| #define HAVE_SELECT 1
| #define HAVE_SYS_TYPES_H 1
| #define HAVE_RECV 1
| #define HAVE_SYS_TYPES_H 1
| #define HAVE_SEND 1
| #define HAVE_SYS_TYPES_H 1
| #define HAVE_UNISTD_H 1
| #define HAVE_ALARM 1
| #define HAVE_SYS_TYPES_H 1
| #define HAVE_STRINGS_H 1
| #define HAVE_SYS_TYPES_H 1
| #define HAVE_LIBGEN_H 1
| #define HAVE_BASENAME 1
| #define HAVE_SYS_TYPES_H 1
| #define HAVE_SYS_TYPES_H 1
| #define HAVE_UNISTD_H 1
| #define HAVE_FCNTL_H 1
| #define HAVE_FCNTL 1
| #define HAVE_FCNTL_O_NONBLOCK 1
| #define HAVE_SYS_TYPES_H 1
| #define HAVE_NETDB_H 1
| #define HAVE_FREEADDRINFO 1
| #define HAVE_SYS_TYPES_H 1
| #define HAVE_SYS_XATTR_H 1
| #define HAVE_FSETXATTR 1
| #define HAVE_FSETXATTR_5 1
| #define HAVE_SYS_TYPES_H 1
| #define HAVE_GETADDRINFO 1
| #define HAVE_GETADDRINFO_THREADSAFE 1
| #define HAVE_GETHOSTBYNAME_R 1
| #define HAVE_GETHOSTBYNAME_R_6 1
| #define GETHOSTNAME_TYPE_ARG2 size_t
| #define HAVE_GETHOSTNAME 1
| #define HAVE_SYS_TYPES_H 1
| #define HAVE_NETINET_IN_H 1
| #define HAVE_IFADDRS_H 1
| #define HAVE_GETIFADDRS 1
| #define HAVE_GETPEERNAME 1
| #define HAVE_GETSOCKNAME 1
| #define HAVE_SYS_TYPES_H 1
| #define HAVE_GMTIME_R 1
| #define HAVE_SYS_TYPES_H 1
| #define HAVE_UNISTD_H 1
| #define HAVE_SYS_IOCTL_H 1
| #define HAVE_IOCTL_FIONBIO 1
| #define HAVE_IOCTL_SIOCGIFADDR 1
| #define HAVE_LOCALTIME_R 1
| #define HAVE_MEMRCHR 1
| #define HAVE_SYS_TYPES_H 1
| #define HAVE_SIGACTION 1
| #define HAVE_SIGINTERRUPT 1
| #define HAVE_SIGNAL 1
| #define HAVE_SYS_TYPES_H 1
| #define HAVE_SIGSETJMP 1
| #define HAVE_SOCKET 1
| #define HAVE_SOCKETPAIR 1
| #define HAVE_STRERROR_R 1
| #define HAVE_GLIBC_STRERROR_R 1
| #define HAVE_ACCEPT4 1
| #define HAVE_EVENTFD 1
| #define HAVE_FNMATCH 1
| #define HAVE_GETEUID 1
| #define HAVE_GETPPID 1
| #define HAVE_GETPWUID 1
| #define HAVE_GETPWUID_R 1
| #define HAVE_GETRLIMIT 1
| #define HAVE_GETTIMEOFDAY 1
| #define HAVE_PIPE 1
| #define HAVE_POLL 1
| #define HAVE_SENDMMSG 1
| #define HAVE_SENDMSG 1
| #define HAVE_SETLOCALE 1
| #define HAVE_SETRLIMIT 1
| #define HAVE_UTIME 1
| #define HAVE_UTIMES 1
| #define HAVE_PIPE2 1
| #define HAVE_IF_NAMETOINDEX 1
| #define HAVE_REALPATH 1
| #define HAVE_SCHED_YIELD 1
| #define HAVE_SYS_TYPES_H 1
| #define HAVE_NETINET_IN_H 1
| #define HAVE_ARPA_INET_H 1
| #define HAVE_INET_NTOP 1
| #define HAVE_INET_PTON 1
| #define HAVE_STRCASECMP 1
| /* end confdefs.h.  */
| 
| 
| #define strcmpi innocuous_strcmpi
| #ifdef __STDC__
| #  include <limits.h>
| #else
| #  include <assert.h>
| #endif
| #undef strcmpi
| #ifdef __cplusplus
| extern "C"
| #endif
| char strcmpi ();
| #if defined __stub_strcmpi || defined __stub___strcmpi
| #error force compilation error
| #endif
| 
| int main(void)
| {
| return strcmpi ();
|   return 0;
| }
| 
configure:47030: result: no
configure:47116: checking if strcmpi might be used
configure:47129: result: no
configure:47142: checking if stricmp can be linked
configure:47170: gcc -o conftest -Werror-implicit-function-declaration -O2 -Wno-system-headers  -D_GNU_SOURCE        conftest.c -lpsl -lssl -lcrypto -lssl -lcrypto -lz  >&5
/usr/bin/x86_64-linux-gnu-ld.bfd: /tmp/cczgVNRM.o: in function `main':
conftest.c:(.text.startup+0x5): undefined reference to `stricmp'
collect2: error: ld returned 1 exit status
configure:47170: $? = 1
configure: failed program was:
| /* confdefs.h */
| #define PACKAGE_NAME "curl"
| #define PACKAGE_TARNAME "curl"
| #define PACKAGE_VERSION "-"
| #define PACKAGE_STRING "curl -"
| #define PACKAGE_BUGREPORT "a suitable curl mailing list: https://curl.se/mail/"
| #define PACKAGE_URL ""
| #define HAVE_STDIO_H 1
| #define HAVE_STDLIB_H 1
| #define HAVE_STRING_H 1
| #define HAVE_INTTYPES_H 1
| #define HAVE_STDINT_H 1
| #define HAVE_STRINGS_H 1
| #define HAVE_SYS_STAT_H 1
| #define HAVE_SYS_TYPES_H 1
| #define HAVE_UNISTD_H 1
| #define STDC_HEADERS 1
| #define HAVE_STDATOMIC_H 1
| #define HAVE_ATOMIC 1
| #define PACKAGE "curl"
| #define VERSION "-"
| #define CURL_OS "x86_64-pc-linux-gnu"
| #define HAVE_DLFCN_H 1
| #define LT_OBJDIR ".libs/"
| #define HAVE_LDAP_SSL 1
| #define HAVE_SYS_TYPES_H 1
| #define HAVE_CLOCK_GETTIME_MONOTONIC 1
| #define HAVE_SYS_TYPES_H 1
| #define HAVE_CLOCK_GETTIME_MONOTONIC_RAW 1
| #define HAVE_LIBZ 1
| #define USE_IPV6 1
| #define HAVE_SOCKADDR_IN6_SIN6_SCOPE_ID 1
| #define HAVE_WRITABLE_ARGV 1
| #define HAVE_LIBSSL 1
| #define HAVE_OPENSSL_RSA_H 1
| #define USE_OPENSSL 1
| #define HAVE_OPENSSL_CRYPTO_H 1
| #define USE_OPENSSL 1
| #define HAVE_OPENSSL_PEM_H 1
| #define USE_OPENSSL 1
| #define HAVE_OPENSSL_SSL_H 1
| #define USE_OPENSSL 1
| #define HAVE_OPENSSL_ERR_H 1
| #define USE_OPENSSL 1
| #define HAVE_SSL_SET_QUIC_TLS_CBS 1
| #define HAVE_DES_ECB_ENCRYPT 1
| #define HAVE_OPENSSL_SRP 1
| #define CURL_CA_BUNDLE "/etc/ssl/certs/ca-certificates.crt"
| #define CURL_CA_PATH "/etc/ssl/certs"
| #define HAVE_LIBPSL_H 1
| #define USE_LIBPSL 1
| #define CURL_DISABLE_LDAP 1
| #define CURL_DISABLE_LDAPS 1
| #define HAVE_SYS_TYPES_H 1
| #define HAVE_SYS_SELECT_H 1
| #define HAVE_SYS_IOCTL_H 1
| #define HAVE_UNISTD_H 1
| #define HAVE_ARPA_INET_H 1
| #define HAVE_NET_IF_H 1
| #define HAVE_NETINET_IN_H 1
| #define HAVE_SYS_UN_H 1
| #define HAVE_LINUX_TCP_H 1
| #define HAVE_NETINET_TCP_H 1
| #define HAVE_NETINET_UDP_H 1
| #define HAVE_NETDB_H 1
| #define HAVE_SYS_PARAM_H 1
| #define HAVE_TERMIOS_H 1
| #define HAVE_FCNTL_H 1
| #define HAVE_PWD_H 1
| #define HAVE_UTIME_H 1
| #define HAVE_SYS_POLL_H 1
| #define HAVE_POLL_H 1
| #define HAVE_SYS_RESOURCE_H 1
| #define HAVE_LIBGEN_H 1
| #define HAVE_LOCALE_H 1
| #define HAVE_STDBOOL_H 1
| #define HAVE_SYS_EVENTFD_H 1
| #define HAVE_SYS_TYPES_H 1
| #define HAVE_STRUCT_TIMEVAL 1
| #define SIZEOF_SIZE_T 8
| #define SIZEOF_LONG 8
| #define SIZEOF_INT 4
| #define SIZEOF_TIME_T 8
| #define SIZEOF_OFF_T 8
| #define SIZEOF_CURL_OFF_T 8
| #define SIZEOF_CURL_SOCKET_T 4
| #define HAVE_BOOL_T 1
| #define HAVE_SA_FAMILY_T 1
| #define HAVE_SUSECONDS_T 1
| #define HAVE_STRUCT_SOCKADDR_STORAGE 1
| #define HAVE_SYS_SELECT_H 1
| #define HAVE_SELECT 1
| #define HAVE_SYS_TYPES_H 1
| #define HAVE_RECV 1
| #define HAVE_SYS_TYPES_H 1
| #define HAVE_SEND 1
| #define HAVE_SYS_TYPES_H 1
| #define HAVE_UNISTD_H 1
| #define HAVE_ALARM 1
| #define HAVE_SYS_TYPES_H 1
| #define HAVE_STRINGS_H 1
| #define HAVE_SYS_TYPES_H 1
| #define HAVE_LIBGEN_H 1
| #define HAVE_BASENAME 1
| #define HAVE_SYS_TYPES_H 1
| #define HAVE_SYS_TYPES_H 1
| #define HAVE_UNISTD_H 1
| #define HAVE_FCNTL_H 1
| #define HAVE_FCNTL 1
| #define HAVE_FCNTL_O_NONBLOCK 1
| #define HAVE_SYS_TYPES_H 1
| #define HAVE_NETDB_H 1
| #define HAVE_FREEADDRINFO 1
| #define HAVE_SYS_TYPES_H 1
| #define HAVE_SYS_XATTR_H 1
| #define HAVE_FSETXATTR 1
| #define HAVE_FSETXATTR_5 1
| #define HAVE_SYS_TYPES_H 1
| #define HAVE_GETADDRINFO 1
| #define HAVE_GETADDRINFO_THREADSAFE 1
| #define HAVE_GETHOSTBYNAME_R 1
| #define HAVE_GETHOSTBYNAME_R_6 1
| #define GETHOSTNAME_TYPE_ARG2 size_t
| #define HAVE_GETHOSTNAME 1
| #define HAVE_SYS_TYPES_H 1
| #define HAVE_NETINET_IN_H 1
| #define HAVE_IFADDRS_H 1
| #define HAVE_GETIFADDRS 1
| #define HAVE_GETPEERNAME 1
| #define HAVE_GETSOCKNAME 1
| #define HAVE_SYS_TYPES_H 1
| #define HAVE_GMTIME_R 1
| #define HAVE_SYS_TYPES_H 1
| #define HAVE_UNISTD_H 1
| #define HAVE_SYS_IOCTL_H 1
| #define HAVE_IOCTL_FIONBIO 1
| #define HAVE_IOCTL_SIOCGIFADDR 1
| #define HAVE_LOCALTIME_R 1
| #define HAVE_MEMRCHR 1
| #define HAVE_SYS_TYPES_H 1
| #define HAVE_SIGACTION 1
| #define HAVE_SIGINTERRUPT 1
| #define HAVE_SIGNAL 1
| #define HAVE_SYS_TYPES_H 1
| #define HAVE_SIGSETJMP 1
| #define HAVE_SOCKET 1
| #define HAVE_SOCKETPAIR 1
| #define HAVE_STRERROR_R 1
| #define HAVE_GLIBC_STRERROR_R 1
| #define HAVE_ACCEPT4 1
| #define HAVE_EVENTFD 1
| #define HAVE_FNMATCH 1
| #define HAVE_GETEUID 1
| #define HAVE_GETPPID 1
| #define HAVE_GETPWUID 1
| #define HAVE_GETPWUID_R 1
| #define HAVE_GETRLIMIT 1
| #define HAVE_GETTIMEOFDAY 1
| #define HAVE_PIPE 1
| #define HAVE_POLL 1
| #define HAVE_SENDMMSG 1
| #define HAVE_SENDMSG 1
| #define HAVE_SETLOCALE 1
| #define HAVE_SETRLIMIT 1
| #define HAVE_UTIME 1
| #define HAVE_UTIMES 1
| #define HAVE_PIPE2 1
| #define HAVE_IF_NAMETOINDEX 1
| #define HAVE_REALPATH 1
| #define HAVE_SCHED_YIELD 1
| #define HAVE_SYS_TYPES_H 1
| #define HAVE_NETINET_IN_H 1
| #define HAVE_ARPA_INET_H 1
| #define HAVE_INET_NTOP 1
| #define HAVE_INET_PTON 1
| #define HAVE_STRCASECMP 1
| /* end confdefs.h.  */
| 
| 
| #define stricmp innocuous_stricmp
| #ifdef __STDC__
| #  include <limits.h>
| #else
| #  include <assert.h>
| #endif
| #undef stricmp
| #ifdef __cplusplus
| extern "C"
| #endif
| char stricmp ();
| #if defined __stub_stricmp || defined __stub___stricmp
| #error force compilation error
| #endif
| 
| int main(void)
| {
| return stricmp ();
|   return 0;
| }
| 
configure:47179: result: no
configure:47265: checking if stricmp might be used
configure:47278: result: no
configure:47296: checking for fseeko
configure:47296: gcc -o conftest -Werror-implicit-function-declaration -O2 -Wno-system-headers  -D_GNU_SOURCE        conftest.c -lpsl -lssl -lcrypto -lssl -lcrypto -lz  >&5
configure:47296: $? = 0
configure:47296: result: yes
configure:47304: checking for gcc options needed to detect all undeclared functions
configure:47324: gcc -c -Werror-implicit-function-declaration -O2 -Wno-system-headers   -D_GNU_SOURCE    conftest.c >&5
conftest.c: In function 'main':
conftest.c:182:8: error: 'strchr' undeclared (first use in this function)
  182 | (void) strchr;
      |        ^~~~~~
conftest.c:1:1: note: 'strchr' is defined in header '<string.h>'; this is probably fixable by adding '#include <string.h>'
    1 | /* confdefs.h */
conftest.c:182:8: note: each undeclared identifier is reported only once for each function it appears in
  182 | (void) strchr;
      |        ^~~~~~
configure:47324: $? = 1
configure: failed program was:
| /* confdefs.h */
| #define PACKAGE_NAME "curl"
| #define PACKAGE_TARNAME "curl"
| #define PACKAGE_VERSION "-"
| #define PACKAGE_STRING "curl -"
| #define PACKAGE_BUGREPORT "a suitable curl mailing list: https://curl.se/mail/"
| #define PACKAGE_URL ""
| #define HAVE_STDIO_H 1
| #define HAVE_STDLIB_H 1
| #define HAVE_STRING_H 1
| #define HAVE_INTTYPES_H 1
| #define HAVE_STDINT_H 1
| #define HAVE_STRINGS_H 1
| #define HAVE_SYS_STAT_H 1
| #define HAVE_SYS_TYPES_H 1
| #define HAVE_UNISTD_H 1
| #define STDC_HEADERS 1
| #define HAVE_STDATOMIC_H 1
| #define HAVE_ATOMIC 1
| #define PACKAGE "curl"
| #define VERSION "-"
| #define CURL_OS "x86_64-pc-linux-gnu"
| #define HAVE_DLFCN_H 1
| #define LT_OBJDIR ".libs/"
| #define HAVE_LDAP_SSL 1
| #define HAVE_SYS_TYPES_H 1
| #define HAVE_CLOCK_GETTIME_MONOTONIC 1
| #define HAVE_SYS_TYPES_H 1
| #define HAVE_CLOCK_GETTIME_MONOTONIC_RAW 1
| #define HAVE_LIBZ 1
| #define USE_IPV6 1
| #define HAVE_SOCKADDR_IN6_SIN6_SCOPE_ID 1
| #define HAVE_WRITABLE_ARGV 1
| #define HAVE_LIBSSL 1
| #define HAVE_OPENSSL_RSA_H 1
| #define USE_OPENSSL 1
| #define HAVE_OPENSSL_CRYPTO_H 1
| #define USE_OPENSSL 1
| #define HAVE_OPENSSL_PEM_H 1
| #define USE_OPENSSL 1
| #define HAVE_OPENSSL_SSL_H 1
| #define USE_OPENSSL 1
| #define HAVE_OPENSSL_ERR_H 1
| #define USE_OPENSSL 1
| #define HAVE_SSL_SET_QUIC_TLS_CBS 1
| #define HAVE_DES_ECB_ENCRYPT 1
| #define HAVE_OPENSSL_SRP 1
| #define CURL_CA_BUNDLE "/etc/ssl/certs/ca-certificates.crt"
| #define CURL_CA_PATH "/etc/ssl/certs"
| #define HAVE_LIBPSL_H 1
| #define USE_LIBPSL 1
| #define CURL_DISABLE_LDAP 1
| #define CURL_DISABLE_LDAPS 1
| #define HAVE_SYS_TYPES_H 1
| #define HAVE_SYS_SELECT_H 1
| #define HAVE_SYS_IOCTL_H 1
| #define HAVE_UNISTD_H 1
| #define HAVE_ARPA_INET_H 1
| #define HAVE_NET_IF_H 1
| #define HAVE_NETINET_IN_H 1
| #define HAVE_SYS_UN_H 1
| #define HAVE_LINUX_TCP_H 1
| #define HAVE_NETINET_TCP_H 1
| #define HAVE_NETINET_UDP_H 1
| #define HAVE_NETDB_H 1
| #define HAVE_SYS_PARAM_H 1
| #define HAVE_TERMIOS_H 1
| #define HAVE_FCNTL_H 1
| #define HAVE_PWD_H 1
| #define HAVE_UTIME_H 1
| #define HAVE_SYS_POLL_H 1
| #define HAVE_POLL_H 1
| #define HAVE_SYS_RESOURCE_H 1
| #define HAVE_LIBGEN_H 1
| #define HAVE_LOCALE_H 1
| #define HAVE_STDBOOL_H 1
| #define HAVE_SYS_EVENTFD_H 1
| #define HAVE_SYS_TYPES_H 1
| #define HAVE_STRUCT_TIMEVAL 1
| #define SIZEOF_SIZE_T 8
| #define SIZEOF_LONG 8
| #define SIZEOF_INT 4
| #define SIZEOF_TIME_T 8
| #define SIZEOF_OFF_T 8
| #define SIZEOF_CURL_OFF_T 8
| #define SIZEOF_CURL_SOCKET_T 4
| #define HAVE_BOOL_T 1
| #define HAVE_SA_FAMILY_T 1
| #define HAVE_SUSECONDS_T 1
| #define HAVE_STRUCT_SOCKADDR_STORAGE 1
| #define HAVE_SYS_SELECT_H 1
| #define HAVE_SELECT 1
| #define HAVE_SYS_TYPES_H 1
| #define HAVE_RECV 1
| #define HAVE_SYS_TYPES_H 1
| #define HAVE_SEND 1
| #define HAVE_SYS_TYPES_H 1
| #define HAVE_UNISTD_H 1
| #define HAVE_ALARM 1
| #define HAVE_SYS_TYPES_H 1
| #define HAVE_STRINGS_H 1
| #define HAVE_SYS_TYPES_H 1
| #define HAVE_LIBGEN_H 1
| #define HAVE_BASENAME 1
| #define HAVE_SYS_TYPES_H 1
| #define HAVE_SYS_TYPES_H 1
| #define HAVE_UNISTD_H 1
| #define HAVE_FCNTL_H 1
| #define HAVE_FCNTL 1
| #define HAVE_FCNTL_O_NONBLOCK 1
| #define HAVE_SYS_TYPES_H 1
| #define HAVE_NETDB_H 1
| #define HAVE_FREEADDRINFO 1
| #define HAVE_SYS_TYPES_H 1
| #define HAVE_SYS_XATTR_H 1
| #define HAVE_FSETXATTR 1
| #define HAVE_FSETXATTR_5 1
| #define HAVE_SYS_TYPES_H 1
| #define HAVE_GETADDRINFO 1
| #define HAVE_GETADDRINFO_THREADSAFE 1
| #define HAVE_GETHOSTBYNAME_R 1
| #define HAVE_GETHOSTBYNAME_R_6 1
| #define GETHOSTNAME_TYPE_ARG2 size_t
| #define HAVE_GETHOSTNAME 1
| #define HAVE_SYS_TYPES_H 1
| #define HAVE_NETINET_IN_H 1
| #define HAVE_IFADDRS_H 1
| #define HAVE_GETIFADDRS 1
| #define HAVE_GETPEERNAME 1
| #define HAVE_GETSOCKNAME 1
| #define HAVE_SYS_TYPES_H 1
| #define HAVE_GMTIME_R 1
| #define HAVE_SYS_TYPES_H 1
| #define HAVE_UNISTD_H 1
| #define HAVE_SYS_IOCTL_H 1
| #define HAVE_IOCTL_FIONBIO 1
| #define HAVE_IOCTL_SIOCGIFADDR 1
| #define HAVE_LOCALTIME_R 1
| #define HAVE_MEMRCHR 1
| #define HAVE_SYS_TYPES_H 1
| #define HAVE_SIGACTION 1
| #define HAVE_SIGINTERRUPT 1
| #define HAVE_SIGNAL 1
| #define HAVE_SYS_TYPES_H 1
| #define HAVE_SIGSETJMP 1
| #define HAVE_SOCKET 1
| #define HAVE_SOCKETPAIR 1
| #define HAVE_STRERROR_R 1
| #define HAVE_GLIBC_STRERROR_R 1
| #define HAVE_ACCEPT4 1
| #define HAVE_EVENTFD 1
| #define HAVE_FNMATCH 1
| #define HAVE_GETEUID 1
| #define HAVE_GETPPID 1
| #define HAVE_GETPWUID 1
| #define HAVE_GETPWUID_R 1
| #define HAVE_GETRLIMIT 1
| #define HAVE_GETTIMEOFDAY 1
| #define HAVE_PIPE 1
| #define HAVE_POLL 1
| #define HAVE_SENDMMSG 1
| #define HAVE_SENDMSG 1
| #define HAVE_SETLOCALE 1
| #define HAVE_SETRLIMIT 1
| #define HAVE_UTIME 1
| #define HAVE_UTIMES 1
| #define HAVE_PIPE2 1
| #define HAVE_IF_NAMETOINDEX 1
| #define HAVE_REALPATH 1
| #define HAVE_SCHED_YIELD 1
| #define HAVE_SYS_TYPES_H 1
| #define HAVE_NETINET_IN_H 1
| #define HAVE_ARPA_INET_H 1
| #define HAVE_INET_NTOP 1
| #define HAVE_INET_PTON 1
| #define HAVE_STRCASECMP 1
| #define HAVE_FSEEKO 1
| /* end confdefs.h.  */
| 
| int main(void)
| {
| (void) strchr;
|   return 0;
| }
configure:47349: gcc -c -Werror-implicit-function-declaration -O2 -Wno-system-headers   -D_GNU_SOURCE    conftest.c >&5
configure:47349: $? = 0
configure:47366: result: none needed
configure:47380: checking whether fseeko is declared
configure:47380: gcc -c -Werror-implicit-function-declaration -O2 -Wno-system-headers   -D_GNU_SOURCE    conftest.c >&5
configure:47380: $? = 0
configure:47380: result: yes
configure:47397: checking how to set a socket into non-blocking mode
configure:47410: result: fcntl O_NONBLOCK
configure:48022: checking whether to enable the threaded resolver
configure:48053: result: yes
configure:48106: checking for pthread.h
configure:48106: gcc -c -Werror-implicit-function-declaration -O2 -Wno-system-headers  -D_GNU_SOURCE    conftest.c >&5
configure:48106: $? = 0
configure:48106: result: yes
configure:48114: checking for pthread_create
configure:48114: gcc -o conftest -Werror-implicit-function-declaration -O2 -Wno-system-headers  -D_GNU_SOURCE        conftest.c  >&5
configure:48114: $? = 0
configure:48114: result: yes
configure:48225: checking for dirent.h
configure:48225: gcc -c -Werror-implicit-function-declaration -O2 -Wno-system-headers  -D_GNU_SOURCE    conftest.c >&5
configure:48225: $? = 0
configure:48225: result: yes
configure:48231: checking for opendir
configure:48231: gcc -o conftest -Werror-implicit-function-declaration -O2 -Wno-system-headers  -D_GNU_SOURCE        conftest.c -lpsl -lssl -lcrypto -lssl -lcrypto -lz  >&5
configure:48231: $? = 0
configure:48231: result: yes
configure:48247: checking convert -I options to -isystem
configure:48252: result: yes
configure:48290: checking whether to enable curl_easy_setopt()/curl_easy_getinfo() type checking
configure:48308: result: yes
configure:48314: checking whether to enable verbose strings
configure:48334: result: yes
configure:48341: checking whether to enable SSPI support (Windows native builds only)
configure:48378: result: no
configure:48390: checking whether to enable basic authentication method
configure:48409: result: yes
configure:48415: checking whether to enable bearer authentication method
configure:48434: result: yes
configure:48440: checking whether to enable digest authentication method
configure:48459: result: yes
configure:48465: checking whether to enable kerberos authentication method
configure:48485: result: yes
configure:48491: checking whether to enable negotiate authentication method
configure:48511: result: yes
configure:48517: checking whether to enable aws sig methods
configure:48536: result: yes
configure:48542: checking whether to support NTLM
configure:48562: result: no
configure:48568: checking whether to enable TLS-SRP authentication
configure:48586: result: yes
configure:48601: checking whether to enable Unix domain sockets
configure:48620: result: auto
configure:48635: checking for struct sockaddr_un.sun_path
configure:48635: gcc -c -Werror-implicit-function-declaration -O2 -Wno-system-headers  -D_GNU_SOURCE    conftest.c >&5
configure:48635: $? = 0
configure:48635: result: yes
configure:48659: checking whether to support cookies
configure:48678: result: yes
configure:48684: checking whether to support socketpair
configure:48703: result: yes
configure:48709: checking whether to support HTTP authentication
configure:48728: result: yes
configure:48734: checking whether to support DoH
configure:48753: result: yes
configure:48759: checking whether to support the MIME API
configure:48778: result: yes
configure:48784: checking whether to support binding connections locally
configure:48803: result: yes
configure:48809: checking whether to support the form API
configure:48839: result: yes
configure:48846: checking whether to support date parsing
configure:48865: result: yes
configure:48871: checking whether to support netrc parsing
configure:48890: result: yes
configure:48896: checking whether to support progress-meter
configure:48915: result: yes
configure:48921: checking whether to support the SHA-512/256 hash algorithm
configure:48940: result: yes
configure:48946: checking whether to support DNS shuffling
configure:48965: result: yes
configure:48971: checking whether to support curl_easy_option*
configure:48990: result: yes
configure:48996: checking whether to support alt-svc
configure:49017: result: yes
configure:49023: checking whether to support headers-api
configure:49043: result: yes
configure:49050: checking whether to support HSTS
configure:49067: result: yes
configure:49144: checking whether to enable HTTPS-RR support
configure:49155: result: no
configure:49165: checking for SSL_set0_wbio
configure:49165: gcc -o conftest -Werror-implicit-function-declaration -O2 -Wno-system-headers  -D_GNU_SOURCE        conftest.c -lpsl -lssl -lcrypto -lssl -lcrypto -lz  >&5
configure:49165: $? = 0
configure:49165: result: yes
configure:49175: checking whether to support WebSockets
configure:49206: result: yes
configure:49242: checking whether hiding of library internal symbols will actually happen
configure:49253: result: yes
configure:49427: checking if this build supports HTTPS-proxy
configure:49438: result: yes
configure:49925: checking that generated files are newer than configure
configure:49931: result: done
configure:50062: creating ./config.status

## ---------------------- ##
## Running config.status. ##
## ---------------------- ##

This file was extended by curl config.status -, which was
generated by GNU Autoconf 2.71.  Invocation command line was

  CONFIG_FILES    = 
  CONFIG_HEADERS  = 
  CONFIG_LINKS    = 
  CONFIG_COMMANDS = 
  $ ./config.status 

on Josh-Laptop

config.status:1412: creating Makefile
config.status:1412: creating docs/Makefile
config.status:1412: creating docs/examples/Makefile
config.status:1412: creating docs/libcurl/Makefile
config.status:1412: creating docs/libcurl/opts/Makefile
config.status:1412: creating docs/cmdline-opts/Makefile
config.status:1412: creating include/Makefile
config.status:1412: creating include/curl/Makefile
config.status:1412: creating src/Makefile
config.status:1412: creating lib/Makefile
config.status:1412: creating scripts/Makefile
config.status:1412: creating lib/libcurl.vers
config.status:1412: creating tests/Makefile
config.status:1412: creating tests/config
config.status:1412: creating tests/configurehelp.pm
config.status:1412: creating tests/certs/Makefile
config.status:1412: creating tests/data/Makefile
config.status:1412: creating tests/server/Makefile
config.status:1412: creating tests/libtest/Makefile
config.status:1412: creating tests/unit/Makefile
config.status:1412: creating tests/tunit/Makefile
config.status:1412: creating tests/http/config.ini
config.status:1412: creating tests/http/Makefile
config.status:1412: creating projects/Makefile
config.status:1412: creating projects/vms/Makefile
config.status:1412: creating libcurl.pc
config.status:1412: creating curl-config
config.status:1412: creating lib/curl_config.h
config.status:1641: executing depfiles commands
config.status:1716: cd docs/examples       && sed -e '/# am--include-marker/d' Makefile         | make -f - am--depfiles
config.status:1723: $? = 0
config.status:1716: cd src       && sed -e '/# am--include-marker/d' Makefile         | make -f - am--depfiles
config.status:1723: $? = 0
config.status:1716: cd lib       && sed -e '/# am--include-marker/d' Makefile         | make -f - am--depfiles
config.status:1723: $? = 0
config.status:1716: cd tests/server       && sed -e '/# am--include-marker/d' Makefile         | make -f - am--depfiles
config.status:1723: $? = 0
config.status:1716: cd tests/libtest       && sed -e '/# am--include-marker/d' Makefile         | make -f - am--depfiles
config.status:1723: $? = 0
config.status:1716: cd tests/unit       && sed -e '/# am--include-marker/d' Makefile         | make -f - am--depfiles
config.status:1723: $? = 0
config.status:1716: cd tests/tunit       && sed -e '/# am--include-marker/d' Makefile         | make -f - am--depfiles
config.status:1723: $? = 0
config.status:1641: executing libtool commands
configure:52451: Configured to build curl/libcurl:

  Host setup:       x86_64-pc-linux-gnu
  Install prefix:   /usr/local
  Compiler:         gcc
   CFLAGS:          -Werror-implicit-function-declaration -O2 -Wno-system-headers
   CFLAGS extras:   
   CPPFLAGS:        -D_GNU_SOURCE
   LDFLAGS:         
     curl-config:   
   LIBS:            -lpsl -lssl -lcrypto -lssl -lcrypto -lz

  curl version:     8.20.0
  SSL:              enabled (OpenSSL)
  SSH:              no       (--with-{libssh,libssh2})
  zlib:             enabled
  brotli:           no       (--with-brotli)
  zstd:             no       (--with-zstd)
  GSS-API:          no       (--with-gssapi)
  GSASL:            no       (--with-gsasl)
  TLS-SRP:          enabled
  resolver:         POSIX threaded
  IPv6:             enabled
  Unix sockets:     enabled
  IDN:              no       (--with-{libidn2,winidn})
  Build docs:       enabled  (--disable-docs)
  Build libcurl:    Shared=yes, Static=yes
  Built-in manual:  enabled
  --libcurl option: enabled  (--disable-libcurl-option)
  Type checking:    enabled  (--disable-typecheck)
  Verbose errors:   enabled  (--disable-verbose)
  Code coverage:    disabled
  SSPI:             no       (--enable-sspi)
  ca native:        no
  ca cert bundle:   /etc/ssl/certs/ca-certificates.crt
  ca cert path:     /etc/ssl/certs
  ca cert embed:    no
  ca fallback:      no
  LDAP:             no       (--enable-ldap / --with-ldap-lib / --with-lber-lib)
  LDAPS:            no       (--enable-ldaps)
  IPFS/IPNS:        enabled
  RTSP:             enabled
  PSL:              enabled
  Alt-svc:          enabled  (--disable-alt-svc)
  Headers API:      enabled  (--disable-headers-api)
  HSTS:             enabled  (--disable-hsts)
  HTTP1:            enabled  (internal)
  HTTP2:            no       (--with-nghttp2)
  HTTP3:            no       (--with-ngtcp2 --with-nghttp3, --with-quiche)
  ECH:              no      (--enable-ech)
  HTTPS RR:         no      (--enable-httpsrr)
  SSLS-EXPORT:      no      (--enable-ssls-export)
  Protocols:        dict file ftp ftps gopher gophers http https imap imaps ipfs ipns mqtt mqtts pop3 pop3s rtsp smtp smtps telnet tftp ws wss
  Features:         alt-svc AsynchDNS HSTS HTTPS-proxy IPv6 Largefile libz PSL SSL threadsafe TLS-SRP UnixSockets


## ---------------- ##
## Cache variables. ##
## ---------------- ##

ac_cv_build=x86_64-pc-linux-gnu
ac_cv_c_compiler_gnu=yes
ac_cv_c_const=yes
ac_cv_c_undeclared_builtin_options='none needed'
ac_cv_env_CC_set=
ac_cv_env_CC_value=
ac_cv_env_CFLAGS_set=
ac_cv_env_CFLAGS_value=
ac_cv_env_CPPFLAGS_set=
ac_cv_env_CPPFLAGS_value=
ac_cv_env_CPP_set=
ac_cv_env_CPP_value=
ac_cv_env_LDFLAGS_set=
ac_cv_env_LDFLAGS_value=
ac_cv_env_LIBS_set=
ac_cv_env_LIBS_value=
ac_cv_env_LT_SYS_LIBRARY_PATH_set=
ac_cv_env_LT_SYS_LIBRARY_PATH_value=
ac_cv_env_build_alias_set=
ac_cv_env_build_alias_value=
ac_cv_env_host_alias_set=
ac_cv_env_host_alias_value=
ac_cv_env_target_alias_set=
ac_cv_env_target_alias_value=
ac_cv_func_SSL_set0_wbio=yes
ac_cv_func_SSL_set_quic_tls_cbs=yes
ac_cv_func_SSL_set_quic_use_legacy_codepoint=no
ac_cv_func_accept4=yes
ac_cv_func_eventfd=yes
ac_cv_func_fnmatch=yes
ac_cv_func_fseeko=yes
ac_cv_func_geteuid=yes
ac_cv_func_gethostbyname=yes
ac_cv_func_getpass_r=no
ac_cv_func_getppid=yes
ac_cv_func_getpwuid=yes
ac_cv_func_getpwuid_r=yes
ac_cv_func_getrlimit=yes
ac_cv_func_gettimeofday=yes
ac_cv_func_if_nametoindex=yes
ac_cv_func_mach_absolute_time=no
ac_cv_func_opendir=yes
ac_cv_func_pipe2=yes
ac_cv_func_pipe=yes
ac_cv_func_poll=yes
ac_cv_func_pthread_create=yes
ac_cv_func_realpath=yes
ac_cv_func_sched_yield=yes
ac_cv_func_sendmmsg=yes
ac_cv_func_sendmsg=yes
ac_cv_func_setlocale=yes
ac_cv_func_setrlimit=yes
ac_cv_func_utime=yes
ac_cv_func_utimes=yes
ac_cv_have_decl_fseeko=yes
ac_cv_header_arpa_inet_h=yes
ac_cv_header_brotli_decode_h=no
ac_cv_header_dirent_h=yes
ac_cv_header_dlfcn_h=yes
ac_cv_header_fcntl_h=yes
ac_cv_header_idn2_h=no
ac_cv_header_ifaddrs_h=yes
ac_cv_header_inttypes_h=yes
ac_cv_header_io_h=no
ac_cv_header_libgen_h=yes
ac_cv_header_libpsl_h=yes
ac_cv_header_linux_tcp_h=yes
ac_cv_header_locale_h=yes
ac_cv_header_net_if_h=yes
ac_cv_header_netdb_h=yes
ac_cv_header_netinet_in6_h=no
ac_cv_header_netinet_in_h=yes
ac_cv_header_netinet_tcp_h=yes
ac_cv_header_netinet_udp_h=yes
ac_cv_header_openssl_crypto_h=yes
ac_cv_header_openssl_err_h=yes
ac_cv_header_openssl_pem_h=yes
ac_cv_header_openssl_rsa_h=yes
ac_cv_header_openssl_ssl_h=yes
ac_cv_header_poll_h=yes
ac_cv_header_proto_bsdsocket_h=no
ac_cv_header_pthread_h=yes
ac_cv_header_pwd_h=yes
ac_cv_header_stdatomic_h=yes
ac_cv_header_stdbool_h=yes
ac_cv_header_stdint_h=yes
ac_cv_header_stdio_h=yes
ac_cv_header_stdlib_h=yes
ac_cv_header_string_h=yes
ac_cv_header_strings_h=yes
ac_cv_header_stropts_h=no
ac_cv_header_sys_eventfd_h=yes
ac_cv_header_sys_filio_h=no
ac_cv_header_sys_ioctl_h=yes
ac_cv_header_sys_param_h=yes
ac_cv_header_sys_poll_h=yes
ac_cv_header_sys_resource_h=yes
ac_cv_header_sys_select_h=yes
ac_cv_header_sys_sockio_h=no
ac_cv_header_sys_stat_h=yes
ac_cv_header_sys_types_h=yes
ac_cv_header_sys_un_h=yes
ac_cv_header_sys_utime_h=no
ac_cv_header_sys_xattr_h=yes
ac_cv_header_termio_h=no
ac_cv_header_termios_h=yes
ac_cv_header_unistd_h=yes
ac_cv_header_utime_h=yes
ac_cv_header_zlib_h=yes
ac_cv_header_zstd_h=no
ac_cv_host=x86_64-pc-linux-gnu
ac_cv_lib_brotlidec_BrotliDecoderDecompress=no
ac_cv_lib_crypto_HMAC_Update=yes
ac_cv_lib_nghttp2_nghttp2_session_get_stream_local_window_size=no
ac_cv_lib_psl_psl_builtin=yes
ac_cv_lib_ssl_SSL_connect=yes
ac_cv_lib_zstd_ZSTD_createDStream=no
ac_cv_member_struct_sockaddr_un_sun_path=yes
ac_cv_objext=o
ac_cv_path_EGREP='/usr/bin/grep -E'
ac_cv_path_FGREP='/usr/bin/grep -F'
ac_cv_path_GREP=/usr/bin/grep
ac_cv_path_PERL=/usr/bin/perl
ac_cv_path_SED=/usr/bin/sed
ac_cv_path_ac_pt_AR=/usr/bin/ar
ac_cv_path_ac_pt_PKGCONFIG=/usr/bin/pkg-config
ac_cv_path_install='/usr/bin/install -c'
ac_cv_path_lt_DD=/usr/bin/dd
ac_cv_path_mkdir=/usr/bin/mkdir
ac_cv_prog_AWK=gawk
ac_cv_prog_CPP='gcc -E'
ac_cv_prog_ac_ct_CC=gcc
ac_cv_prog_ac_ct_FILECMD=file
ac_cv_prog_ac_ct_MANIFEST_TOOL=mt
ac_cv_prog_ac_ct_OBJDUMP=objdump
ac_cv_prog_ac_ct_RANLIB=ranlib
ac_cv_prog_ac_ct_STRIP=strip
ac_cv_prog_cc_c11=
ac_cv_prog_cc_g=yes
ac_cv_prog_cc_stdc=
ac_cv_prog_make_make_set=yes
ac_cv_sizeof_curl_off_t=8
ac_cv_sizeof_curl_socket_t=4
ac_cv_sizeof_int=4
ac_cv_sizeof_long=8
ac_cv_sizeof_off_t=8
ac_cv_sizeof_size_t=8
ac_cv_sizeof_time_t=8
ac_cv_sys_file_offset_bits=no
ac_cv_sys_largefile_CC=no
ac_cv_type_bool=yes
ac_cv_type_sa_family_t=yes
ac_cv_type_size_t=yes
ac_cv_type_ssize_t=yes
ac_cv_type_struct_sockaddr_storage=yes
ac_cv_type_suseconds_t=yes
am_cv_CC_dependencies_compiler_type=gcc3
am_cv_make_support_nested_variables=yes
am_cv_prog_cc_c_o=yes
curl_cv_apple=no
curl_cv_def___GNUC__=15
curl_cv_func_alarm=yes
curl_cv_func_basename=yes
curl_cv_func_closesocket=no
curl_cv_func_closesocket_camel=no
curl_cv_func_fcntl=yes
curl_cv_func_fcntl_o_nonblock=yes
curl_cv_func_freeaddrinfo=yes
curl_cv_func_fsetxattr=yes
curl_cv_func_getaddrinfo=yes
curl_cv_func_getaddrinfo_threadsafe=yes
curl_cv_func_gethostbyname_r=yes
curl_cv_func_gethostname=yes
curl_cv_func_getifaddrs=yes
curl_cv_func_getpeername=yes
curl_cv_func_getsockname=yes
curl_cv_func_gmtime_r=yes
curl_cv_func_inet_ntop=yes
curl_cv_func_inet_pton=yes
curl_cv_func_ioctl=yes
curl_cv_func_ioctl_fionbio=yes
curl_cv_func_ioctl_siocgifaddr=yes
curl_cv_func_ioctlsocket=no
curl_cv_func_ioctlsocket_camel=no
curl_cv_func_localtime_r=yes
curl_cv_func_memrchr=yes
curl_cv_func_recv=yes
curl_cv_func_select=yes
curl_cv_func_send=yes
curl_cv_func_sigaction=yes
curl_cv_func_siginterrupt=yes
curl_cv_func_signal=yes
curl_cv_func_sigsetjmp=yes
curl_cv_func_socket=yes
curl_cv_func_socketpair=yes
curl_cv_func_strcasecmp=yes
curl_cv_func_strcmpi=no
curl_cv_func_strerror_r=yes
curl_cv_func_stricmp=no
curl_cv_gclk_LIBS=
curl_cv_have_def___DECC=no
curl_cv_have_def___DECC_VER=no
curl_cv_have_def___GNUC__=yes
curl_cv_have_def___HP_cc=no
curl_cv_have_def___IBMC__=no
curl_cv_have_def___INTEL_COMPILER=no
curl_cv_have_def___SUNPRO_C=no
curl_cv_have_def___TINYC__=no
curl_cv_have_def___clang__=no
curl_cv_header_lber_h=no
curl_cv_header_ldap_h=no
curl_cv_header_ldap_ssl_h=no
curl_cv_ldap_LIBS=unknown
curl_cv_native_windows=no
curl_cv_recv=yes
curl_cv_save_LIBS='-lpsl -lssl -lcrypto -lssl -lcrypto -lz '
curl_cv_select=yes
curl_cv_send=yes
curl_cv_struct_timeval=yes
curl_cv_winuwp=no
curl_cv_writable_argv=yes
lt_cv_ar_at_file=@
lt_cv_archive_cmds_need_lc=no
lt_cv_deplibs_check_method=pass_all
lt_cv_file_magic_cmd='$MAGIC_CMD'
lt_cv_file_magic_test_file=
lt_cv_ld_reload_flag=-r
lt_cv_nm_interface='BSD nm'
lt_cv_objdir=.libs
lt_cv_path_LD=/usr/bin/x86_64-linux-gnu-ld
lt_cv_path_NM='/usr/bin/nm -B'
lt_cv_path_mainfest_tool=no
lt_cv_prog_compiler_c_o=yes
lt_cv_prog_compiler_c_o_RC=yes
lt_cv_prog_compiler_pic='-fPIC -DPIC'
lt_cv_prog_compiler_pic_works=yes
lt_cv_prog_compiler_rtti_exceptions=no
lt_cv_prog_compiler_static_works=yes
lt_cv_prog_gnu_ld=yes
lt_cv_sharedlib_from_linklib_cmd='printf %s\n'
lt_cv_shlibpath_overrides_runpath=yes
lt_cv_sys_global_symbol_pipe='/usr/bin/sed -n -e '\''s/^.*[	 ]\([ABCDGIRSTW][ABCDGIRSTW]*\)[	 ][	 ]*\([_A-Za-z][_A-Za-z0-9]*\)$/\1 \2 \2/p'\'' | /usr/bin/sed '\''/ __gnu_lto/d'\'''
lt_cv_sys_global_symbol_to_c_name_address='/usr/bin/sed -n -e '\''s/^: \(.*\) .*$/  {"\1", (void *) 0},/p'\'' -e '\''s/^[ABCDGIRSTW][ABCDGIRSTW]* .* \(.*\)$/  {"\1", (void *) \&\1},/p'\'''
lt_cv_sys_global_symbol_to_c_name_address_lib_prefix='/usr/bin/sed -n -e '\''s/^: \(.*\) .*$/  {"\1", (void *) 0},/p'\'' -e '\''s/^[ABCDGIRSTW][ABCDGIRSTW]* .* \(lib.*\)$/  {"\1", (void *) \&\1},/p'\'' -e '\''s/^[ABCDGIRSTW][ABCDGIRSTW]* .* \(.*\)$/  {"lib\1", (void *) \&\1},/p'\'''
lt_cv_sys_global_symbol_to_cdecl='/usr/bin/sed -n -e '\''s/^T .* \(.*\)$/extern int \1();/p'\'' -e '\''s/^[ABCDGIRSTW][ABCDGIRSTW]* .* \(.*\)$/extern char \1;/p'\'''
lt_cv_sys_global_symbol_to_import=
lt_cv_sys_max_cmd_len=1572864
lt_cv_to_host_file_cmd=func_convert_file_noop
lt_cv_to_tool_file_cmd=func_convert_file_noop
lt_cv_truncate_bin='/usr/bin/dd bs=4096 count=1'

## ----------------- ##
## Output variables. ##
## ----------------- ##

ACLOCAL='${SHELL} '\''/home/josha/compak/curl/missing'\'' aclocal-1.16'
AMDEPBACKSLASH='\'
AMDEP_FALSE='#'
AMDEP_TRUE=''
AMTAR='$${TAR-tar}'
AM_BACKSLASH='\'
AM_DEFAULT_V='$(AM_DEFAULT_VERBOSITY)'
AM_DEFAULT_VERBOSITY='0'
AM_V='$(V)'
APXS=''
AR='/usr/bin/ar'
AR_FLAGS='cr'
AS='as'
AUTOCONF='${SHELL} '\''/home/josha/compak/curl/missing'\'' autoconf'
AUTOHEADER='${SHELL} '\''/home/josha/compak/curl/missing'\'' autoheader'
AUTOMAKE='${SHELL} '\''/home/josha/compak/curl/missing'\'' automake-1.16'
AWK='gawk'
BLANK_AT_MAKETIME=''
BUILD_DOCS_FALSE='#'
BUILD_DOCS_TRUE=''
BUILD_STUB_GSS_FALSE=''
BUILD_STUB_GSS_TRUE='#'
BUILD_UNITTESTS_FALSE='#'
BUILD_UNITTESTS_TRUE=''
CADDY=''
CC='gcc'
CCDEPMODE='depmode=gcc3'
CFLAGS='-Werror-implicit-function-declaration -O2 -Wno-system-headers'
CFLAG_CURL_SYMBOL_HIDING='-fvisibility=hidden'
CLANG_FALSE=''
CLANG_TIDY='clang-tidy'
CLANG_TRUE='#'
CONFIGURE_OPTIONS='" '\''--with-openssl'\''"'
CPP='gcc -E'
CPPFLAGS='-D_GNU_SOURCE'
CROSSCOMPILING_FALSE=''
CROSSCOMPILING_TRUE='#'
CSCOPE='cscope'
CTAGS='ctags'
CURLVERSION='8.20.0'
CURL_CA_BUNDLE='/etc/ssl/certs/ca-certificates.crt'
CURL_CA_EMBED=''
CURL_CA_EMBED_SET_FALSE=''
CURL_CA_EMBED_SET_TRUE='#'
CURL_CFLAG_EXTRAS=''
CURL_CPP='gcc -E -D_GNU_SOURCE'
CURL_LIBCURL_VERSIONED_SYMBOLS_PREFIX=''
CURL_LIBCURL_VERSIONED_SYMBOLS_SONAME='4'
CURL_LT_SHLIB_USE_MIMPURE_TEXT_FALSE=''
CURL_LT_SHLIB_USE_MIMPURE_TEXT_TRUE='#'
CURL_LT_SHLIB_USE_NO_UNDEFINED_FALSE=''
CURL_LT_SHLIB_USE_NO_UNDEFINED_TRUE='#'
CURL_LT_SHLIB_USE_VERSIONED_SYMBOLS_FALSE=''
CURL_LT_SHLIB_USE_VERSIONED_SYMBOLS_TRUE='#'
CURL_LT_SHLIB_USE_VERSION_INFO_FALSE='#'
CURL_LT_SHLIB_USE_VERSION_INFO_TRUE=''
CURL_NETWORK_AND_TIME_LIBS=''
CURL_WERROR_FALSE=''
CURL_WERROR_TRUE='#'
CYGPATH_W='echo'
DANTED=''
DEBUGBUILD_FALSE=''
DEBUGBUILD_TRUE='#'
DEFS='-DHAVE_CONFIG_H'
DEPDIR='.deps'
DLLTOOL='false'
DOING_CURL_SYMBOL_HIDING_FALSE='#'
DOING_CURL_SYMBOL_HIDING_TRUE=''
DOING_NATIVE_WINDOWS_FALSE=''
DOING_NATIVE_WINDOWS_TRUE='#'
DSYMUTIL=''
DUMPBIN=''
ECHO_C=''
ECHO_N='-n'
ECHO_T=''
EGREP='/usr/bin/grep -E'
ENABLE_SHARED='yes'
ENABLE_STATIC='yes'
ETAGS='etags'
EXEEXT=''
FGREP='/usr/bin/grep -F'
FILECMD='file'
FISH_FUNCTIONS_DIR=''
GCOV=''
GREP='/usr/bin/grep'
HAVE_LIBZ='1'
HAVE_LIBZ_FALSE='#'
HAVE_LIBZ_TRUE=''
HAVE_WINDRES_FALSE=''
HAVE_WINDRES_TRUE='#'
HTTPD=''
HTTPD_NGHTTPX=''
INSTALL_DATA='${INSTALL} -m 644'
INSTALL_PROGRAM='${INSTALL}'
INSTALL_SCRIPT='${INSTALL}'
INSTALL_STRIP_PROGRAM='$(install_sh) -c -s'
LCOV=''
LD='/usr/bin/x86_64-linux-gnu-ld -m elf_x86_64'
LDFLAGS=''
LIBCURL_PC_CFLAGS=''
LIBCURL_PC_CFLAGS_PRIVATE='-DCURL_STATICLIB'
LIBCURL_PC_LDFLAGS_PRIVATE=''
LIBCURL_PC_LIBS=''
LIBCURL_PC_LIBS_PRIVATE='-lpsl -lssl -lcrypto -lssl -lcrypto -lz'
LIBCURL_PC_REQUIRES=''
LIBCURL_PC_REQUIRES_PRIVATE='zlib,openssl,libpsl'
LIBOBJS=''
LIBS='-lpsl -lssl -lcrypto -lssl -lcrypto -lz'
LIBTOOL='$(SHELL) $(top_builddir)/libtool'
LIPO=''
LN_S='ln -s'
LTLIBOBJS=''
LT_SYS_LIBRARY_PATH=''
MAINT='#'
MAINTAINER_MODE_FALSE=''
MAINTAINER_MODE_TRUE='#'
MAKEINFO='${SHELL} '\''/home/josha/compak/curl/missing'\'' makeinfo'
MANIFEST_TOOL=':'
MKDIR_P='/usr/bin/mkdir -p'
NM='/usr/bin/nm -B'
NMEDIT=''
NOT_CURL_CI_FALSE='#'
NOT_CURL_CI_TRUE=''
OBJDUMP='objdump'
OBJEXT='o'
OTOOL64=''
OTOOL=''
PACKAGE='curl'
PACKAGE_BUGREPORT='a suitable curl mailing list: https://curl.se/mail/'
PACKAGE_NAME='curl'
PACKAGE_STRING='curl -'
PACKAGE_TARNAME='curl'
PACKAGE_URL=''
PACKAGE_VERSION='-'
PATH_SEPARATOR=':'
PERL='/usr/bin/perl'
PERL_FALSE='#'
PERL_TRUE=''
PKGCONFIG='no'
RANLIB='ranlib'
RC=''
SED='/usr/bin/sed'
SET_MAKE=''
SFTPD='/usr/lib/openssh/sftp-server'
SHELL='/bin/bash'
SSHD='/usr/sbin/sshd'
SSL_BACKENDS='OpenSSL'
STRIP='strip'
SUPPORT_FEATURES='alt-svc AsynchDNS HSTS HTTPS-proxy IPv6 Largefile libz PSL SSL threadsafe TLS-SRP UnixSockets'
SUPPORT_PROTOCOLS='DICT FILE FTP FTPS GOPHER GOPHERS HTTP HTTPS IMAP IMAPS IPFS IPNS MQTT MQTTS POP3 POP3S RTSP SMTP SMTPS TELNET TFTP WS WSS'
TEST_NGHTTPX='nghttpx'
USE_CPPFLAG_CURL_STATICLIB_FALSE=''
USE_CPPFLAG_CURL_STATICLIB_TRUE='#'
USE_FISH_COMPLETION_FALSE=''
USE_FISH_COMPLETION_TRUE='#'
USE_GSASL_FALSE=''
USE_GSASL_TRUE='#'
USE_LIBPSL_FALSE='#'
USE_LIBPSL_TRUE=''
USE_MANUAL_FALSE='#'
USE_MANUAL_TRUE=''
USE_UNICODE_FALSE=''
USE_UNICODE_TRUE='#'
USE_UNITY_FALSE=''
USE_UNITY_TRUE='#'
USE_ZSH_COMPLETION_FALSE=''
USE_ZSH_COMPLETION_TRUE='#'
VERSION='-'
VERSIONNUM='081400'
VSFTPD=''
ZLIB_LIBS='-lz'
ZSH_FUNCTIONS_DIR=''
ac_ct_AR=''
ac_ct_CC='gcc'
ac_ct_DUMPBIN=''
am__EXEEXT_FALSE=''
am__EXEEXT_TRUE='#'
am__fastdepCC_FALSE='#'
am__fastdepCC_TRUE=''
am__include='include'
am__isrc=''
am__leading_dot='.'
am__nodep='_no'
am__quote=''
am__tar='$${TAR-tar} chof - "$$tardir"'
am__untar='$${TAR-tar} xf -'
bindir='${exec_prefix}/bin'
build='x86_64-pc-linux-gnu'
build_alias=''
build_cpu='x86_64'
build_os='linux-gnu'
build_vendor='pc'
datadir='${datarootdir}'
datarootdir='${prefix}/share'
docdir='${datarootdir}/doc/${PACKAGE_TARNAME}'
dvidir='${docdir}'
exec_prefix='${prefix}'
host='x86_64-pc-linux-gnu'
host_alias=''
host_cpu='x86_64'
host_os='linux-gnu'
host_vendor='pc'
htmldir='${docdir}'
includedir='${prefix}/include'
infodir='${datarootdir}/info'
install_sh='${SHELL} /home/josha/compak/curl/install-sh'
libdir='${exec_prefix}/lib'
libexecdir='${exec_prefix}/libexec'
libext='a'
localedir='${datarootdir}/locale'
localstatedir='${prefix}/var'
mandir='${datarootdir}/man'
mkdir_p='$(MKDIR_P)'
oldincludedir='/usr/include'
pdfdir='${docdir}'
prefix='/usr/local'
program_transform_name='s,x,x,'
psdir='${docdir}'
runstatedir='${localstatedir}/run'
sbindir='${exec_prefix}/sbin'
sharedstatedir='${prefix}/com'
sysconfdir='${prefix}/etc'
target_alias=''

## ----------- ##
## confdefs.h. ##
## ----------- ##

/* confdefs.h */
#define PACKAGE_NAME "curl"
#define PACKAGE_TARNAME "curl"
#define PACKAGE_VERSION "-"
#define PACKAGE_STRING "curl -"
#define PACKAGE_BUGREPORT "a suitable curl mailing list: https://curl.se/mail/"
#define PACKAGE_URL ""
#define HAVE_STDIO_H 1
#define HAVE_STDLIB_H 1
#define HAVE_STRING_H 1
#define HAVE_INTTYPES_H 1
#define HAVE_STDINT_H 1
#define HAVE_STRINGS_H 1
#define HAVE_SYS_STAT_H 1
#define HAVE_SYS_TYPES_H 1
#define HAVE_UNISTD_H 1
#define STDC_HEADERS 1
#define HAVE_STDATOMIC_H 1
#define HAVE_ATOMIC 1
#define PACKAGE "curl"
#define VERSION "-"
#define CURL_OS "x86_64-pc-linux-gnu"
#define HAVE_DLFCN_H 1
#define LT_OBJDIR ".libs/"
#define HAVE_LDAP_SSL 1
#define HAVE_SYS_TYPES_H 1
#define HAVE_CLOCK_GETTIME_MONOTONIC 1
#define HAVE_SYS_TYPES_H 1
#define HAVE_CLOCK_GETTIME_MONOTONIC_RAW 1
#define HAVE_LIBZ 1
#define USE_IPV6 1
#define HAVE_SOCKADDR_IN6_SIN6_SCOPE_ID 1
#define HAVE_WRITABLE_ARGV 1
#define HAVE_LIBSSL 1
#define HAVE_OPENSSL_RSA_H 1
#define USE_OPENSSL 1
#define HAVE_OPENSSL_CRYPTO_H 1
#define USE_OPENSSL 1
#define HAVE_OPENSSL_PEM_H 1
#define USE_OPENSSL 1
#define HAVE_OPENSSL_SSL_H 1
#define USE_OPENSSL 1
#define HAVE_OPENSSL_ERR_H 1
#define USE_OPENSSL 1
#define HAVE_SSL_SET_QUIC_TLS_CBS 1
#define HAVE_DES_ECB_ENCRYPT 1
#define HAVE_OPENSSL_SRP 1
#define CURL_CA_BUNDLE "/etc/ssl/certs/ca-certificates.crt"
#define CURL_CA_PATH "/etc/ssl/certs"
#define HAVE_LIBPSL_H 1
#define USE_LIBPSL 1
#define CURL_DISABLE_LDAP 1
#define CURL_DISABLE_LDAPS 1
#define HAVE_SYS_TYPES_H 1
#define HAVE_SYS_SELECT_H 1
#define HAVE_SYS_IOCTL_H 1
#define HAVE_UNISTD_H 1
#define HAVE_ARPA_INET_H 1
#define HAVE_NET_IF_H 1
#define HAVE_NETINET_IN_H 1
#define HAVE_SYS_UN_H 1
#define HAVE_LINUX_TCP_H 1
#define HAVE_NETINET_TCP_H 1
#define HAVE_NETINET_UDP_H 1
#define HAVE_NETDB_H 1
#define HAVE_SYS_PARAM_H 1
#define HAVE_TERMIOS_H 1
#define HAVE_FCNTL_H 1
#define HAVE_PWD_H 1
#define HAVE_UTIME_H 1
#define HAVE_SYS_POLL_H 1
#define HAVE_POLL_H 1
#define HAVE_SYS_RESOURCE_H 1
#define HAVE_LIBGEN_H 1
#define HAVE_LOCALE_H 1
#define HAVE_STDBOOL_H 1
#define HAVE_SYS_EVENTFD_H 1
#define HAVE_SYS_TYPES_H 1
#define HAVE_STRUCT_TIMEVAL 1
#define SIZEOF_SIZE_T 8
#define SIZEOF_LONG 8
#define SIZEOF_INT 4
#define SIZEOF_TIME_T 8
#define SIZEOF_OFF_T 8
#define SIZEOF_CURL_OFF_T 8
#define SIZEOF_CURL_SOCKET_T 4
#define HAVE_BOOL_T 1
#define HAVE_SA_FAMILY_T 1
#define HAVE_SUSECONDS_T 1
#define HAVE_STRUCT_SOCKADDR_STORAGE 1
#define HAVE_SYS_SELECT_H 1
#define HAVE_SELECT 1
#define HAVE_SYS_TYPES_H 1
#define HAVE_RECV 1
#define HAVE_SYS_TYPES_H 1
#define HAVE_SEND 1
#define HAVE_SYS_TYPES_H 1
#define HAVE_UNISTD_H 1
#define HAVE_ALARM 1
#define HAVE_SYS_TYPES_H 1
#define HAVE_STRINGS_H 1
#define HAVE_SYS_TYPES_H 1
#define HAVE_LIBGEN_H 1
#define HAVE_BASENAME 1
#define HAVE_SYS_TYPES_H 1
#define HAVE_SYS_TYPES_H 1
#define HAVE_UNISTD_H 1
#define HAVE_FCNTL_H 1
#define HAVE_FCNTL 1
#define HAVE_FCNTL_O_NONBLOCK 1
#define HAVE_SYS_TYPES_H 1
#define HAVE_NETDB_H 1
#define HAVE_FREEADDRINFO 1
#define HAVE_SYS_TYPES_H 1
#define HAVE_SYS_XATTR_H 1
#define HAVE_FSETXATTR 1
#define HAVE_FSETXATTR_5 1
#define HAVE_SYS_TYPES_H 1
#define HAVE_GETADDRINFO 1
#define HAVE_GETADDRINFO_THREADSAFE 1
#define HAVE_GETHOSTBYNAME_R 1
#define HAVE_GETHOSTBYNAME_R_6 1
#define GETHOSTNAME_TYPE_ARG2 size_t
#define HAVE_GETHOSTNAME 1
#define HAVE_SYS_TYPES_H 1
#define HAVE_NETINET_IN_H 1
#define HAVE_IFADDRS_H 1
#define HAVE_GETIFADDRS 1
#define HAVE_GETPEERNAME 1
#define HAVE_GETSOCKNAME 1
#define HAVE_SYS_TYPES_H 1
#define HAVE_GMTIME_R 1
#define HAVE_SYS_TYPES_H 1
#define HAVE_UNISTD_H 1
#define HAVE_SYS_IOCTL_H 1
#define HAVE_IOCTL_FIONBIO 1
#define HAVE_IOCTL_SIOCGIFADDR 1
#define HAVE_LOCALTIME_R 1
#define HAVE_MEMRCHR 1
#define HAVE_SYS_TYPES_H 1
#define HAVE_SIGACTION 1
#define HAVE_SIGINTERRUPT 1
#define HAVE_SIGNAL 1
#define HAVE_SYS_TYPES_H 1
#define HAVE_SIGSETJMP 1
#define HAVE_SOCKET 1
#define HAVE_SOCKETPAIR 1
#define HAVE_STRERROR_R 1
#define HAVE_GLIBC_STRERROR_R 1
#define HAVE_ACCEPT4 1
#define HAVE_EVENTFD 1
#define HAVE_FNMATCH 1
#define HAVE_GETEUID 1
#define HAVE_GETPPID 1
#define HAVE_GETPWUID 1
#define HAVE_GETPWUID_R 1
#define HAVE_GETRLIMIT 1
#define HAVE_GETTIMEOFDAY 1
#define HAVE_PIPE 1
#define HAVE_POLL 1
#define HAVE_SENDMMSG 1
#define HAVE_SENDMSG 1
#define HAVE_SETLOCALE 1
#define HAVE_SETRLIMIT 1
#define HAVE_UTIME 1
#define HAVE_UTIMES 1
#define HAVE_PIPE2 1
#define HAVE_IF_NAMETOINDEX 1
#define HAVE_REALPATH 1
#define HAVE_SCHED_YIELD 1
#define HAVE_SYS_TYPES_H 1
#define HAVE_NETINET_IN_H 1
#define HAVE_ARPA_INET_H 1
#define HAVE_INET_NTOP 1
#define HAVE_INET_PTON 1
#define HAVE_STRCASECMP 1
#define HAVE_FSEEKO 1
#define HAVE_DECL_FSEEKO 1
#define HAVE_THREADS_POSIX 1
#define USE_RESOLV_THREADED 1
#define HAVE_DIRENT_H 1
#define HAVE_OPENDIR 1
#define USE_TLS_SRP 1
#define USE_UNIX_SOCKETS 1
#define HAVE_SSL_SET0_WBIO 1
#define CURL_EXTERN_SYMBOL __attribute__((__visibility__("default")))

configure: exit 0
